Workbook

Sheet COVER
B2: CONSOLIDATED AIRCRAFT DESIGN WORKBOOK
B3: MK-10
B5: Designer: | C5: Yamanaka, Mark Lorenz B.
B7: Aircraft Design Part 1
B8: ACT 3 | C8: Wing Design & Sizing
B9: ACT 4 | C9: Airfoil Coordinate & Profile Plotting
B10: ACT 5 | C10: Weight Breakdown & Distribution
B11: ACT 6 | C11: Center of Gravity Calculation
B12: ACT 7 | C12: Drag Polar & Power Curves
B13: ACT 8 | C13: Stall & High-Lift Analysis
B14: ACT 9 | C14: Propulsion Performance
B15: ACT 10 | C15: Performance at Altitude (TREQ/THPREQD)
B16: ACT 11 | C16: Rate of Climb & Climb Performance
B17: ACT 12 | C17: Maximum Speed & Power Available
B18: ACT 13 | C18: Service & Absolute Ceiling
B19: ACT 14 | C19: Range & Endurance
B21: Aircraft Design Part 2
B22: ACT 15 | C22: Corrected Airfoil Characteristics
B23: ACT 16 | C23: V-n Diagram (Flight Envelope)
B24: ACT 16 v2 | C24: V-n Diagram — Reference Version
B25: ACT 17 | C25: Gust Load Factors
B26: ACT 18 | C26: Balancing & Maneuvering Loads
B27: ACT 19 | C27: Wing Airload Distribution
B28: ACT 20 | C28: Spar Design & Structural Analysis
B29: ACT 21 | C29: Landing Gear Loads

Sheet ACT 3
A1: Weight | E1: Gross Weight | I1: Wings | L1: Horizontal Tail | O1: Vertical Tail | S1: Wheels | V1: Aileron
A2: Wp | B2: 380 | E2: MTOW | F2: =(B2+B3)/(1-0.5-F7) -> 1649.2521 | H2: lbs | J2: feet | K2: metres | M2: feet | N2: metres | P2: feet | Q2: metres | T2: feet | U2: metres | W2: feet | X2: metres
A3: Weng | B3: 286 | F3: =F2*0.453592 -> 748.08758 | H3: kg | I3: Wing Area (S) | L3: Wing Area (S) | O3: Wing Area (S) | S3: Wing Track | V3: Aileron Gross Area
A4: Wvar/Wto | B4: 0.5 | I4: S | J4: =(2*F2)/(B15*0.002377*(B22^2)) -> 126.521 | K4: =(0.092903)*J4 -> 11.754181 | L4: Sh | M4: =(B17*J4*J6)/(B29) -> 32.801741 | N4: =(0.092903)*M4 -> 3.0473801 | O4: Sv | P4: =((J4*0.04*J8)/(2.65*J6)) -> 12.566161 | Q4: =P4*0.092903 -> 1.1674341 | S4: Wheel Track | T4: =0.27*J8 -> 7.7903688 | U4: =T4*0.3048 -> 2.3745044 | V4: Aileron Area | W4: =(0.07*J4) -> 8.85647 | X4: =W4*0.092903 -> 0.82279264
A5: Wf/Wto | B5: =F7 -> 0.096180607 | I5: Wing Aerodynamic Chord | L5: Tail Span | O5: Tail Span | S5: Tail Span | V5: Aileron Width
E6: Fuel Fraction (Wf/Wto) | I6: c | J6: =SQRT(J4/B12) -> 4.3849875 | K6: =J6*0.3048 -> 1.3365442 | L6: bH | M6: =SQRT(M4*B12) -> 14.691339 | N6: =M6*0.3048 -> 4.4779203 | O6: bT | P6: =SQRT(B30*P4) -> 4.6219557 | Q6: =P6*0.3048 -> 1.4087721 | S6: Wheel Base | T6: =0.28*J14 -> 5.837006 | U6: =T6*0.3048 -> 1.7791194 | V6: Width | W6: =0.25*J6 -> 1.0962469 | X6: =W6*0.3048 -> 0.33413605
E7: Wf/Wto | F7: =B9*(B10/1000)*B11*(B12^-0.5)+0.035 -> 0.096180607 | H7: lbs | I7: Wing Span | L7: Wing Aerodynamic Chord | O7: Wing Aerodnamic Chord | V7: Aileron Length
A8: Constant | F8: =F7*0.453592 -> 0.043626754 | H8: kg | I8: b | J8: =(B12*J6) -> 28.853218 | K8: =J8*0.3048 -> 8.7944608 | L8: cH | M8: =SQRT(M4/B13) -> 2.8636402 | N8: =M8*0.3048 -> 0.87283753 | O8: cV | P8: =SQRT(P4/B14) -> 2.9959689 | Q8: =P8*0.3048 -> 0.91317131 | V8: Length | W8: =(0.35)*(J8/2) -> 5.0493131 | X8: =W8*0.3048 -> 1.5390306
A9: K | B9: 0.31 | I9: Wing Root Chord Cr | L9: Root Chord | O9: Root Chord
A10: R | B10: 375 | E10: Fuel Weight (Wf) | I10: Cr | J10: =(3/2)*(J6)*((B16+1)/((B16^2)+B16+1)) -> 5.6378411 | K10: =J10*0.3048 -> 1.718414 | L10: Crh | M10: =(3/2)*(M8)*((B16+1)/((B16^2)+B16+1)) -> 3.6818231 | N10: =M10*0.3048 -> 1.1222197 | O10: Crv | P10: =(3/2)*(P8)*((B32+1)/((B32^2)+B32+1)) -> 4.06826 | Q10: =P10*0.3048 -> 1.2400057
A11: rUC | B11: 1.35 | E11: Wf | F11: =F7*F2 -> 158.62607 | H11: lbs | I11: Wing Tip Chord | L11: Tip Chord | O11: Tip Chord
A12: A | B12: 6.58 | F12: =F11*0.453592 -> 71.951518 | H12: kg | I12: Ct | J12: =B16*J10 -> 2.8189206 | K12: =J12*0.3048 -> 0.85920698 | L12: Cth | M12: =B16*M10 -> 1.8409116 | N12: =M12*0.3048 -> 0.56110984 | O12: Ctv | P12: =(P10*B32) -> 1.5459388 | Q12: =P12*0.3048 -> 0.47120215 | S12: Flaps | V12: Rudder
A13: Ah | B13: 4 | I13: Overall Length | L13: Elevator Area | O13: Vertical Stabiliser Area | T13: feet | U13: metres | W13: feet | X13: metres
A14: Av | B14: 1.4 | E14: Oil Weight (Wo) | I14: L | J14: =B28*J8 -> 20.84645 | K14: =J14*0.3048 -> 6.3539979 | L14: Elevator Area | M14: =0.45*M4 -> 14.760783 | N14: =M14*0.092903 -> 1.3713211 | O14: VertSta Area | P14: =P4-W15 -> 5.6547726 | Q14: =P14*0.092903 -> 0.52534534 | S14: Flaps Area | V14: Rudder Area
A15: Cl max | B15: 1.54 | E15: Wo | F15: =(1/15)*F11 -> 10.575072 | H15: lbs | L15: Horizontal Stabiliser Area | O15: Propeller Diametre | S15: Area | T15: =(2)*(T16)*(W6) -> 14.406801 | U15: =T15*0.092903 -> 1.338435 | V15: Area | W15: =0.55*P4 -> 6.9113887 | X15: =W15*0.092903 -> 0.64208874
A16: Taper Ratio | B16: 0.5 | F16: =F15*0.453592 -> 4.7967678 | H16: kg | L16: HoriStab Area | M16: =M4-M14 -> 18.040958 | N16: =M16*0.092903 -> 1.6760591 | O16: PropD | P16: =((300/SQRT(B23))*(B20/B21)^1/4) -> 3.2264975 | Q16: =P16*0.3048 -> 0.98343643 | S16: Flaps length | T16: =(0.5)*((0.6)*(J8)-4.17) -> 6.5709654 | U16: =T16*0.3048 -> 2.0028302
A17: Vh | B17: 0.7
E18: Useful Load (Wu)
A19: Power | E19: Wu | F19: =B2+F11+F15 -> 549.20114 | H19: lbs | I19: Power Loading | K19: =F2/B20 -> 13.194017 | M19: note: range is from 12~14
A20: HP | B20: 125 | F20: =F19*0.453592 -> 249.11325 | H20: kg | I20: Wing Loading (W/S) | K20: =F2/J4 -> 13.035402
A21: Velocity | B21: 57.54 | C21: fps | I21: Span Loading | K21: =F2/J8 -> 57.160077 | M21: note: range is from 12~14
B22: =B21*1.46667 -> 84.392192 | C22: mph | E22: Empty Weight (EW) | I22: Standard Engine Dry Weight | K22: =(B3/F2)*100 -> 17.341193 | M22: note: range is from 15~20
A23: RPM | B23: 2550 | E23: EW | F23: =F2-F19 -> 1100.051 | H23: lbs
A24: Payload | F24: =F23*0.453592 -> 498.97433 | H24: kg
AG26: =K8/2 -> 4.3972304
A27: Assumed Values | AG27: =AG26-X8 -> 2.8581998
A28: L/b | B28: 0.7225
A29: Lh | B29: =2.7*(J6) -> 11.839466
A30: A(Vertical Tail) | B30: 1.7
A31: A(Horiz Tail) | B31: 3.5
A32: Taper Ratio (Vert) | B32: 0.38
A33: Taper Ratio (Horiz) | B33: 0.35
A34: Clmax | B34: 1.54
AB40: Wp | AD40: lbs | AI40: 380
AB41: Weng | AD41: lbs | AI41: 286
AB42: Wvar/Wto | AD42: 0.45 or 0.50
AB43: k | AD43: nmi/km | AI43: 0.31
AB44: RANGE | AD44: nmi/km | AI44: 375
AB45: RUC | AD45: fixed gear, no streamlined fairings | AI45: 1.35
AB48: Clmax
AB49: Vs | AD49: mph | AI49: 57.54
AB50: Ar | AD50: 6.10-7.5 | AI50: 6.58
AB51: ρ | AD51: slug/ft^3 | AI51: 0.002377
AB52: λ | AD52: 0.4-0.5 | AI52: 0.5
AB53: L | AD53: (0.695-0.75)B | AI53: 0.7225
AB57: 𝑙ℎ | AD57: (2.5-3.0) MAC | AI57: 2.2327264
AB58: Aℎ | AD58: 3.0-5.0 | AI58: 3.5
AB59: λℎ | AD59: 0.3-0.6 | AI59: 0.35
AB64: 𝑙𝑣 | AD64: (2.5-3.0) MAC | AI64: 2.7187974
AB65: A𝑣 | AD65: 1.3-3.0 | AI65: 1.7
AB66: λ𝑣 | AD66: 0.3-0.6 | AI66: 0.38
AB71: Wheel Track | AD71: 25-30% of wingspan | AI71: 0.27
AB72: Wheel Base | AD72: 25-30% of wingspan | AI72: 0.28
AB73: Fuselage width | AI73: 50
AB74: Vmax | AI74: 180
AB75: RPM | AI75: 2550
AB76: BHP | AI76: 125
AB79: NACA | AI79: 2415

Sheet ACT 4
B2: NACA 2415: Midterm | J2: Root Chord | R2: Root Chord (scaled)
J3: 1.) Upper Camber | L3: 2.) Lower Camber | N3: 3. X-coordinate | P3: 4. Mean Chord | R3: 1.) Upper Camber | T3: 2.) Lower Camber | V3: 3. X-coordinate | X3: 4. Mean Chord
A4: Upper Surface | C4: Lower Surface | E4: Results
A5: Station | B5: Ordinate | C5: Station | D5: Ordinate | J5: 0 | L5: =(D6*148)/(100) -> 0 | N5: =(A6*148)/(100) -> 0 | P5: 0 | R5: =J5/30 -> 0 | T5: =L5/30 -> 0 | V5: =N5/30 -> 0 | X5: =P5/30 -> 0
A6: 0 | B6: …. | C6: 0 | D6: 0 | J6: =(B7*148)/(100) -> 4.0108 | L6: =(D7*148)/(100) -> -3.0488 | N6: =(A7*148)/(100) -> 1.85 | P6: =((J6+L6)/2) -> 0.481 | R6: =J6/30 -> 0.13369333 | T6: =L6/30 -> -0.10162667 | V6: =N6/30 -> 0.061666667 | X6: =P6/30 -> 0.016033333
A7: 1.25 | B7: 2.71 | C7: 1.25 | D7: -2.06 | J7: =(B8*148)/(100) -> 5.4908 | L7: =(D8*148)/(100) -> -4.2328 | N7: =(A8*148)/(100) -> 3.7 | P7: =((J7+L7)/2) -> 0.629 | R7: =J7/30 -> 0.18302667 | T7: =L7/30 -> -0.14109333 | V7: =N7/30 -> 0.12333333 | X7: =P7/30 -> 0.020966667
A8: 2.5 | B8: 3.71 | C8: 2.5 | D8: -2.86 | G8: 1.) Upper | J8: =(B9*148)/(100) -> 7.5036 | L8: =(D9*148)/(100) -> -5.6832 | N8: =(A9*148)/(100) -> 7.4 | P8: =((J8+L8)/2) -> 0.9102 | R8: =J8/30 -> 0.25012 | T8: =L8/30 -> -0.18944 | V8: =N8/30 -> 0.24666667 | X8: =P8/30 -> 0.03034
A9: 5 | B9: 5.07 | C9: 5 | D9: -3.84 | J9: =(B10*148)/(100) -> 8.9688 | L9: =(D10*148)/(100) -> -6.6156 | N9: =(A10*148)/(100) -> 11.1 | P9: =((J9+L9)/2) -> 1.1766 | R9: =J9/30 -> 0.29896 | T9: =L9/30 -> -0.22052 | V9: =N9/30 -> 0.37 | X9: =P9/30 -> 0.03922
A10: 7.5 | B10: 6.06 | C10: 7.5 | D10: -4.47 | G10: Z(150)/100 | J10: =(B11*148)/(100) -> 10.1084 | L10: =(D11*148)/(100) -> -7.252 | N10: =(A11*148)/(100) -> 14.8 | P10: =((J10+L10)/2) -> 1.4282 | R10: =J10/30 -> 0.33694667 | T10: =L10/30 -> -0.24173333 | V10: =N10/30 -> 0.49333333 | X10: =P10/30 -> 0.047606667 | AL10: ① | AM10: ② | AN10: ③ | AO10: ④ | AP10: ⑤ | AQ10: ⑥ | AR10: ⑦ | AS10: ⑧ | AT10: ⑨ | AU10: ⑩
A11: 10 | B11: 6.83 | C11: 10 | D11: -4.9 | E11: 0 | J11: =(B12*148)/(100) -> 11.7956 | L11: =(D12*148)/(100) -> -8.0216 | N11: =(A12*148)/(100) -> 22.2 | P11: =((J11+L11)/2) -> 1.887 | R11: =J11/30 -> 0.39318667 | T11: =L11/30 -> -0.26738667 | V11: =N11/30 -> 0.74 | X11: =P11/30 -> 0.0629
A12: 15 | B12: 7.97 | C12: 15 | D12: -5.42 | J12: =(B13*148)/(100) -> 12.876 | L12: =(D13*148)/(100) -> -8.3768 | N12: =(A13*148)/(100) -> 29.6 | P12: =((J12+L12)/2) -> 2.2496 | R12: =J12/30 -> 0.4292 | T12: =L12/30 -> -0.27922667 | V12: =N12/30 -> 0.98666667 | X12: =P12/30 -> 0.074986667
A13: 20 | B13: 8.7 | C13: 20 | D13: -5.66 | G13: 2.) Lower | J13: =(B14*148)/(100) -> 13.5716 | L13: =(D14*148)/(100) -> -8.436 | N13: =(A14*148)/(100) -> 37 | P13: =((J13+L13)/2) -> 2.5678 | R13: =J13/30 -> 0.45238667 | T13: =L13/30 -> -0.2812 | V13: =N13/30 -> 1.2333333 | X13: =P13/30 -> 0.085593333 | AL13: 0 | AM13: -1.96 | AN13: =18.24*(-0.015285035)*(AL13) -> 0 | AO13: =AM13+AN13 -> -1.96 | AP13: 0.0084 | AQ13: =0.318*(-0.015285035)*(AL13)^2 -> 0 | AR13: =AP13+AQ13 -> 0.0084 | AS13: =COS(AO13*PI()/180) -> 0.99941495 | AT13: =SIN(AO13*PI()/180) -> -0.034201782 | AU13: =AL13*AS13 -> 0
A14: 25 | B14: 9.17 | C14: 25 | D14: -5.7 | J14: =(B15*148)/(100) -> 13.8824 | L14: =(D15*148)/(100) -> -8.3176 | N14: =(A15*148)/(100) -> 44.4 | P14: =((J14+L14)/2) -> 2.7824 | R14: =J14/30 -> 0.46274667 | T14: =L14/30 -> -0.27725333 | V14: =N14/30 -> 1.48 | X14: =P14/30 -> 0.092746667 | AL14: 0.2 | AM14: 0.99 | AN14: =18.24*(-0.015285035)*(AL14) -> -0.055759808 | AO14: =AM14+AN14 -> 0.93424019 | AP14: 0.0113 | AQ14: =0.318*(-0.015285035)*(AL14)^2 -> -0.00019442565 | AR14: =AP14+AQ14 -> 0.011105574 | AS14: =COS(AO14*PI()/180) -> 0.99986707 | AT14: =SIN(AO14*PI()/180) -> 0.016304845 | AU14: =AL14*AS14 -> 0.19997341
A15: 30 | B15: 9.38 | C15: 30 | D15: -5.62 | G15: Z(150)/100 | J15: =(B16*148)/(100) -> 13.69 | L15: =(D16*148)/(100) -> -7.77 | N15: =(A16*148)/(100) -> 59.2 | P15: =((J15+L15)/2) -> 2.96 | R15: =J15/30 -> 0.45633333 | T15: =L15/30 -> -0.259 | V15: =N15/30 -> 1.9733333 | X15: =P15/30 -> 0.098666667 | AL15: 0.4 | AM15: 3.79 | AN15: =18.24*(-0.015285035)*(AL15) -> -0.11151962 | AO15: =AM15+AN15 -> 3.6784804 | AP15: 0.0192 | AQ15: =0.318*(-0.015285035)*(AL15)^2 -> -0.00077770258 | AR15: =AP15+AQ15 -> 0.018422297 | AS15: =COS(AO15*PI()/180) -> 0.99793979 | AT15: =SIN(AO15*PI()/180) -> 0.064157498 | AU15: =AL15*AS15 -> 0.39917591
A16: 40 | B16: 9.25 | C16: 40 | D16: -5.25 | J16: =(B17*148)/(100) -> 12.6836 | L16: =(D17*148)/(100) -> -6.9116 | N16: =(A17*148)/(100) -> 74 | P16: =((J16+L16)/2) -> 2.886 | R16: =J16/30 -> 0.42278667 | T16: =L16/30 -> -0.23038667 | V16: =N16/30 -> 2.4666667 | X16: =P16/30 -> 0.0962 | AL16: 0.6 | AM16: 6.38 | AN16: =18.24*(-0.015285035)*(AL16) -> -0.16727942 | AO16: =AM16+AN16 -> 6.2127206 | AP16: 0.0307 | AQ16: =0.318*(-0.015285035)*(AL16)^2 -> -0.0017498308 | AR16: =AP16+AQ16 -> 0.028950169 | AS16: =COS(AO16*PI()/180) -> 0.99412696 | AT16: =SIN(AO16*PI()/180) -> 0.10822007 | AU16: =AL16*AS16 -> 0.59647618
A17: 50 | B17: 8.57 | C17: 50 | D17: -4.67 | J17: =(B18*148)/(100) -> 11.1 | L17: =(D18*148)/(100) -> -5.772 | N17: =(A18*148)/(100) -> 88.8 | P17: =((J17+L17)/2) -> 2.664 | R17: =J17/30 -> 0.37 | T17: =L17/30 -> -0.1924 | V17: =N17/30 -> 2.96 | X17: =P17/30 -> 0.0888 | AL17: 0.8 | AM17: 9.03 | AN17: =18.24*(-0.015285035)*(AL17) -> -0.22303923 | AO17: =AM17+AN17 -> 8.8069608 | AP17: 0.0471 | AQ17: =0.318*(-0.015285035)*(AL17)^2 -> -0.0031108103 | AR17: =AP17+AQ17 -> 0.04398919 | AS17: =COS(AO17*PI()/180) -> 0.98820979 | AT17: =SIN(AO17*PI()/180) -> 0.15310589 | AU17: =AL17*AS17 -> 0.79056783
A18: 60 | B18: 7.5 | C18: 60 | D18: -3.9 | G18: 3.) | J18: =(B19*148)/(100) -> 9.028 | L18: =(D19*148)/(100) -> -4.514 | N18: =(A19*148)/(100) -> 103.6 | P18: =((J18+L18)/2) -> 2.257 | R18: =J18/30 -> 0.30093333 | T18: =L18/30 -> -0.15046667 | V18: =N18/30 -> 3.4533333 | X18: =P18/30 -> 0.075233333 | AL18: 1 | AM18: 12.03 | AN18: =18.24*(-0.015285035)*(AL18) -> -0.27879904 | AO18: =AM18+AN18 -> 11.751201 | AP18: 0.071 | AQ18: =0.318*(-0.015285035)*(AL18)^2 -> -0.0048606411 | AR18: =AP18+AQ18 -> 0.066139359 | AS18: =COS(AO18*PI()/180) -> 0.9790412 | AT18: =SIN(AO18*PI()/180) -> 0.20366227 | AU18: =AL18*AS18 -> 0.9790412
A19: 70 | B19: 6.1 | C19: 70 | D19: -3.05 | J19: =(B20*148)/(100) -> 6.5268 | L19: =(D20*148)/(100) -> -3.182 | N19: =(A20*148)/(100) -> 118.4 | P19: =((J19+L19)/2) -> 1.6724 | R19: =J19/30 -> 0.21756 | T19: =L19/30 -> -0.10606667 | V19: =N19/30 -> 3.9466667 | X19: =P19/30 -> 0.055746667 | AL19: 1.2 | AM19: 14.77 | AN19: =18.24*(-0.015285035)*(AL19) -> -0.33455885 | AO19: =AM19+AN19 -> 14.435441 | AP19: 0.0996 | AQ19: =0.318*(-0.015285035)*(AL19)^2 -> -0.0069993232 | AR19: =AP19+AQ19 -> 0.092600677 | AS19: =COS(AO19*PI()/180) -> 0.96842915 | AT19: =SIN(AO19*PI()/180) -> 0.24928897 | AU19: =AL19*AS19 -> 1.162115
A20: 80 | B20: 4.41 | C20: 80 | D20: -2.15 | G20: x(150)/100 | J20: =(B21*148)/(100) -> 3.626 | L20: =(D21*148)/(100) -> -1.7316 | N20: =(A21*148)/(100) -> 133.2 | P20: =((J20+L20)/2) -> 0.9472 | R20: =J20/30 -> 0.12086667 | T20: =L20/30 -> -0.05772 | V20: =N20/30 -> 4.44 | X20: =P20/30 -> 0.031573333 | AL20: 1.4 | AM20: 18.07 | AN20: =18.24*(-0.015285035)*(AL20) -> -0.39031865 | AO20: =AM20+AN20 -> 17.679681 | AP20: 0.1372 | AQ20: =0.318*(-0.015285035)*(AL20)^2 -> -0.0095268566 | AR20: =AP20+AQ20 -> 0.12767314 | AS20: =COS(AO20*PI()/180) -> 0.95276924 | AT20: =SIN(AO20*PI()/180) -> 0.3036952 | AU20: =AL20*AS20 -> 1.3338769
A21: 90 | B21: 2.45 | C21: 90 | D21: -1.17 | J21: =(B22*148)/(100) -> 1.9832 | L21: =(D22*148)/(100) -> -1.0064 | N21: =(A22*148)/(100) -> 140.6 | P21: =((J21+L21)/2) -> 0.4884 | R21: =J21/30 -> 0.066106667 | T21: =L21/30 -> -0.033546667 | V21: =N21/30 -> 4.6866667 | X21: =P21/30 -> 0.01628 | AL21: 1.54 | AM21: 21.9 | AN21: =18.24*(-0.015285035)*(AL21) -> -0.42935052 | AO21: =AM21+AN21 -> 21.470649 | AP21: 0.1898 | AQ21: =0.318*(-0.015285035)*(AL21)^2 -> -0.011527497 | AR21: =AP21+AQ21 -> 0.1782725 | AS21: =COS(AO21*PI()/180) -> 0.93060519 | AT21: =SIN(AO21*PI()/180) -> 0.36602456 | AU21: =AL21*AS21 -> 1.433132
A22: 95 | B22: 1.34 | C22: 95 | D22: -0.68 | G22: 4.) | J22: =(B23*148)/(100) -> 0.2368 | L22: =(D23*148)/(100) -> -0.2368 | N22: =(A23*148)/(100) -> 148 | P22: =((J22+L22)/2) -> 0 | R22: =J22/30 -> 0.0078933333 | T22: =L22/30 -> -0.0078933333 | V22: =N22/30 -> 4.9333333 | X22: =P22/30 -> 0
A23: 100 | B23: 0.16 | C23: 100 | D23: -0.16 | AL23: ⑪ | AM23: ⑫ | AN23: ⑬ | AO23: ⑭ | AP23: ⑮ | AQ23: ⑯ | AR23: ⑰ | AS23: ⑱ | AT23: ⑲ | AU23: ⑳
A24: 100 | B24: …. | C24: 100 | D24: 0 | G24: [(1) + (2)]/2
B25: L.E. radius: 2.48 | J25: Tip Chord | R25: Tip Chord (scaled)
B26: Slope of radius through L.E.: 0.10 | J26: 1.) Upper Camber | L26: 2.) Lower Camber | N26: 3. X-coordinate | P26: 4. Mean Chord | R26: 1.) Upper Camber | T26: 2.) Lower Camber | V26: 3. X-coordinate | X26: 4. Mean Chord | AL26: =AR13+AT13 -> -0.025801782 | AM26: =AU13+AL26 -> -0.025801782 | AN26: =AL13*AT13 -> 0 | AO26: =AR13*AS13 -> 0.0083950856 | AP26: =AO26-AN26 -> 0.0083950856 | AQ26: - | AR26: - | AS26: - | AT26: =(AQ13)/(-0.015285035*6.58) -> 0 | AU26: =AR13-AT26 -> 0.0084
F27: Taper Ratio | G27: =D30/D29 -> 0.5 | AL27: =AR14+AT14 -> 0.027410419 | AM27: =AU14+AL27 -> 0.22738383 | AN27: =AL14*AT14 -> 0.003260969 | AO27: =AR14*AS14 -> 0.011104098 | AP27: =AO27-AN27 -> 0.0078431291 | AQ27: 43.02 | AR27: =(0.25-(AQ27/100))*AM27 -> -0.040974567 | AS27: =AR27+((0.241-0.25)*AM27) -> -0.043021021 | AT27: =(AQ14)/(-0.015285035*6.58) -> 0.0019331307 | AU27: =AR14-AT27 -> 0.0091724437
F28: MAC = | G28: =(2/3)*(D29)*(((G27)^2+(G27)+1)/(G27+1)) -> 115.11111 | J28: 0 | L28: =(D32*84)/(100) -> 0 | N28: =(C6*84)/(100) -> 0 | P28: 0 | R28: =J28/30 -> 0 | T28: =L28/30 -> 0 | V28: =N28/30 -> 0 | X28: =P28/30 -> 0 | AL28: =AR15+AT15 -> 0.082579796 | AM28: =AU15+AL28 -> 0.48175571 | AN28: =AL15*AT15 -> 0.025662999 | AO28: =AR15*AS15 -> 0.018384344 | AP28: =AO28-AN28 -> -0.0072786558 | AQ28: 33.65 | AR28: =(0.25-(AQ28/100))*AM28 -> -0.041671869 | AS28: =AR28+((0.241-0.25)*AM28) -> -0.04600767 | AT28: =(AQ15)/(-0.015285035*6.58) -> 0.0077325228 | AU28: =AR15-AT28 -> 0.010689775
C29: Cr = | D29: 148 | J29: =(B7*84)/(100) -> 2.2764 | L29: =(D7*84)/(100) -> -1.7304 | N29: =(C7*84)/(100) -> 1.05 | P29: =(J29+L29)/2 -> 0.273 | R29: =J29/30 -> 0.07588 | T29: =L29/30 -> -0.05768 | V29: =N29/30 -> 0.035 | X29: =P29/30 -> 0.0091 | AL29: =AR16+AT16 -> 0.13717024 | AM29: =AU16+AL29 -> 0.73364642 | AN29: =AL16*AT16 -> 0.064932042 | AO29: =AR16*AS16 -> 0.028780144 | AP29: =AO29-AN29 -> -0.036151899 | AQ29: 31.2 | AR29: =(0.25-(AQ29/100))*AM29 -> -0.045486078 | AS29: =AR29+((0.241-0.25)*AM29) -> -0.052088896 | AT29: =(AQ16)/(-0.015285035*6.58) -> 0.017398176 | AU29: =AR16-AT29 -> 0.011551993
C30: Ct = | D30: 74 | E30: ← corrected: Ct = Cr × λ = 148 × 0.50 = 74 (was 84, gave λ=0.568 inconsistent with ACT 3) | J30: =(B8*84)/(100) -> 3.1164 | L30: =(D8*84)/(100) -> -2.4024 | N30: =(C8*84)/(100) -> 2.1 | P30: =(J30+L30)/2 -> 0.357 | R30: =J30/30 -> 0.10388 | T30: =L30/30 -> -0.08008 | V30: =N30/30 -> 0.07 | X30: =P30/30 -> 0.0119 | AL30: =AR17+AT17 -> 0.19709508 | AM30: =AU17+AL30 -> 0.98766291 | AN30: =AL17*AT17 -> 0.12248471 | AO30: =AR17*AS17 -> 0.043470548 | AP30: =AO30-AN30 -> -0.079014167 | AQ30: 30.12 | AR30: =(0.25-(AQ30/100))*AM30 -> -0.050568341 | AS30: =AR30+((0.241-0.25)*AM30) -> -0.059457307 | AT30: =(AQ17)/(-0.015285035*6.58) -> 0.030930091 | AU30: =AR17-AT30 -> 0.013059098
J31: =(B9*84)/(100) -> 4.2588 | L31: =(D9*84)/(100) -> -3.2256 | N31: =(C9*84)/(100) -> 4.2 | P31: =(J31+L31)/2 -> 0.5166 | R31: =J31/30 -> 0.14196 | T31: =L31/30 -> -0.10752 | V31: =N31/30 -> 0.14 | X31: =P31/30 -> 0.01722 | AL31: =AR18+AT18 -> 0.26980163 | AM31: =AU18+AL31 -> 1.2488428 | AN31: =AL18*AT18 -> 0.20366227 | AO31: =AR18*AS18 -> 0.064753158 | AP31: =AO31-AN31 -> -0.13890912 | AQ31: 29.26 | AR31: =(0.25-(AQ31/100))*AM31 -> -0.053200705 | AS31: =AR31+((0.241-0.25)*AM31) -> -0.06444029 | AT31: =(AQ18)/(-0.015285035*6.58) -> 0.048328267 | AU31: =AR18-AT31 -> 0.017811091
J32: =(B10*84)/(100) -> 5.0904 | L32: =(D10*84)/(100) -> -3.7548 | N32: =(C10*84)/(100) -> 6.3 | P32: =(J32+L32)/2 -> 0.6678 | R32: =J32/30 -> 0.16968 | T32: =L32/30 -> -0.12516 | V32: =N32/30 -> 0.21 | X32: =P32/30 -> 0.02226 | AL32: =AR19+AT19 -> 0.34188965 | AM32: =AU19+AL32 -> 1.5040046 | AN32: =AL19*AT19 -> 0.29914677 | AO32: =AR19*AS19 -> 0.089677194 | AP32: =AO32-AN32 -> -0.20946957 | AQ32: 27.05 | AR32: =(0.25-(AQ32/100))*AM32 -> -0.030832095 | AS32: =AR32+((0.241-0.25)*AM32) -> -0.044368136 | AT32: =(AQ19)/(-0.015285035*6.58) -> 0.069592705 | AU32: =AR19-AT32 -> 0.023007972
F33: 118.94253 | J33: =(B11*84)/(100) -> 5.7372 | L33: =(D11*84)/(100) -> -4.116 | N33: =(C11*84)/(100) -> 8.4 | P33: =(J33+L33)/2 -> 0.8106 | R33: =J33/30 -> 0.19124 | T33: =L33/30 -> -0.1372 | V33: =N33/30 -> 0.28 | X33: =P33/30 -> 0.02702 | AL33: =AR20+AT20 -> 0.43136835 | AM33: =AU20+AL33 -> 1.7652453 | AN33: =AL20*AT20 -> 0.42517328 | AO33: =AR20*AS20 -> 0.12164304 | AP33: =AO33-AN33 -> -0.30353024 | AQ33: 26.58 | AR33: =(0.25-(AQ33/100))*AM33 -> -0.027890875 | AS33: =AR33+((0.241-0.25)*AM33) -> -0.043778083 | AT33: =(AQ20)/(-0.015285035*6.58) -> 0.094723404 | AU33: =AR20-AT33 -> 0.032949739
J34: =(B12*84)/(100) -> 6.6948 | L34: =(D12*84)/(100) -> -4.5528 | N34: =(C12*84)/(100) -> 12.6 | P34: =(J34+L34)/2 -> 1.071 | R34: =J34/30 -> 0.22316 | T34: =L34/30 -> -0.15176 | V34: =N34/30 -> 0.42 | X34: =P34/30 -> 0.0357 | AL34: =AR21+AT21 -> 0.54429706 | AM34: =AU21+AL34 -> 1.9774291 | AN34: =AL21*AT21 -> 0.56367782 | AO34: =AR21*AS21 -> 0.16590132 | AP34: =AO34-AN34 -> -0.39777651 | AQ34: 26.61 | AR34: =(0.25-(AQ34/100))*AM34 -> -0.031836608 | AS34: =AR34+((0.241-0.25)*AM34) -> -0.049633469 | AT34: =(AQ21)/(-0.015285035*6.58) -> 0.11461532 | AU34: =AR21-AT34 -> 0.063657184
J35: =(B13*84)/(100) -> 7.308 | L35: =(D13*84)/(100) -> -4.7544 | N35: =(C13*84)/(100) -> 16.8 | P35: =(J35+L35)/2 -> 1.2768 | R35: =J35/30 -> 0.2436 | T35: =L35/30 -> -0.15848 | V35: =N35/30 -> 0.56 | X35: =P35/30 -> 0.04256
J36: =(B14*84)/(100) -> 7.7028 | L36: =(D14*84)/(100) -> -4.788 | N36: =(C14*84)/(100) -> 21 | P36: =(J36+L36)/2 -> 1.4574 | R36: =J36/30 -> 0.25676 | T36: =L36/30 -> -0.1596 | V36: =N36/30 -> 0.7 | X36: =P36/30 -> 0.04858
J37: =(B15*84)/(100) -> 7.8792 | L37: =(D15*84)/(100) -> -4.7208 | N37: =(C15*84)/(100) -> 25.2 | P37: =(J37+L37)/2 -> 1.5792 | R37: =J37/30 -> 0.26264 | T37: =L37/30 -> -0.15736 | V37: =N37/30 -> 0.84 | X37: =P37/30 -> 0.05264
J38: =(B16*84)/(100) -> 7.77 | L38: =(D16*84)/(100) -> -4.41 | N38: =(C16*84)/(100) -> 33.6 | P38: =(J38+L38)/2 -> 1.68 | R38: =J38/30 -> 0.259 | T38: =L38/30 -> -0.147 | V38: =N38/30 -> 1.12 | X38: =P38/30 -> 0.056
J39: =(B17*84)/(100) -> 7.1988 | L39: =(D17*84)/(100) -> -3.9228 | N39: =(C17*84)/(100) -> 42 | P39: =(J39+L39)/2 -> 1.638 | R39: =J39/30 -> 0.23996 | T39: =L39/30 -> -0.13076 | V39: =N39/30 -> 1.4 | X39: =P39/30 -> 0.0546
J40: =(B18*84)/(100) -> 6.3 | L40: =(D18*84)/(100) -> -3.276 | N40: =(C18*84)/(100) -> 50.4 | P40: =(J40+L40)/2 -> 1.512 | R40: =J40/30 -> 0.21 | T40: =L40/30 -> -0.1092 | V40: =N40/30 -> 1.68 | X40: =P40/30 -> 0.0504
J41: =(B19*84)/(100) -> 5.124 | L41: =(D19*84)/(100) -> -2.562 | N41: =(C19*84)/(100) -> 58.8 | P41: =(J41+L41)/2 -> 1.281 | R41: =J41/30 -> 0.1708 | T41: =L41/30 -> -0.0854 | V41: =N41/30 -> 1.96 | X41: =P41/30 -> 0.0427
J42: =(B20*84)/(100) -> 3.7044 | L42: =(D20*84)/(100) -> -1.806 | N42: =(C20*84)/(100) -> 67.2 | P42: =(J42+L42)/2 -> 0.9492 | R42: =J42/30 -> 0.12348 | T42: =L42/30 -> -0.0602 | V42: =N42/30 -> 2.24 | X42: =P42/30 -> 0.03164
J43: =(B21*84)/(100) -> 2.058 | L43: =(D21*84)/(100) -> -0.9828 | N43: =(C21*84)/(100) -> 75.6 | P43: =(J43+L43)/2 -> 0.5376 | R43: =J43/30 -> 0.0686 | T43: =L43/30 -> -0.03276 | V43: =N43/30 -> 2.52 | X43: =P43/30 -> 0.01792
J44: =(B22*84)/(100) -> 1.1256 | L44: =(D22*84)/(100) -> -0.5712 | N44: =(C22*84)/(100) -> 79.8 | P44: =(J44+L44)/2 -> 0.2772 | R44: =J44/30 -> 0.03752 | T44: =L44/30 -> -0.01904 | V44: =N44/30 -> 2.66 | X44: =P44/30 -> 0.00924
J45: =(B23*84)/(100) -> 0.1344 | L45: =(D23*84)/(100) -> -0.1344 | N45: =(C23*84)/(100) -> 84 | P45: =(J45+L45)/2 -> 0 | R45: =J45/30 -> 0.00448 | T45: =L45/30 -> -0.00448 | V45: =N45/30 -> 2.8 | X45: =P45/30 -> 0
J48: Mean Aerodynamic Chord | R48: Mean Aerodynamic Chord (scaled)
J49: 1.) Upper Camber | L49: 2.) Lower Camber | N49: 3. X-coordinate | P49: 4. Mean Chord | R49: 1.) Upper Camber | T49: 2.) Lower Camber | V49: 3. X-coordinate | X49: 4. Mean Chord
J51: 0 | L51: =(D6*118.9425287)/(100) -> 0 | N51: =(C6*118.9425287)/(100) -> 0 | P51: 0 | R51: =J51/30 -> 0 | T51: =L51/30 -> 0 | V51: =N51/30 -> 0 | X51: =P51/30 -> 0
J52: =(B7*118.9425287)/(100) -> 3.2233425 | L52: =(D7*118.9425287)/(100) -> -2.4502161 | N52: =(C7*118.9425287)/(100) -> 1.4867816 | P52: =((J52+L52)/2) -> 0.38656322 | R52: =J52/30 -> 0.10744475 | T52: =L52/30 -> -0.08167387 | V52: =N52/30 -> 0.049559387 | X52: =P52/30 -> 0.012885441
J53: =(B8*118.9425287)/(100) -> 4.4127678 | L53: =(D8*118.9425287)/(100) -> -3.4017563 | N53: =(C8*118.9425287)/(100) -> 2.9735632 | P53: =(J53+L53)/2 -> 0.50550575 | R53: =J53/30 -> 0.14709226 | T53: =L53/30 -> -0.11339188 | V53: =N53/30 -> 0.099118774 | X53: =P53/30 -> 0.016850192
J54: =(B9*118.9425287)/(100) -> 6.0303862 | L54: =(D9*118.9425287)/(100) -> -4.5673931 | N54: =(C9*118.9425287)/(100) -> 5.9471264 | P54: =(J54+L54)/2 -> 0.73149655 | R54: =J54/30 -> 0.20101287 | T54: =L54/30 -> -0.15224644 | V54: =N54/30 -> 0.19823755 | X54: =P54/30 -> 0.024383218
J55: =(B10*118.9425287)/(100) -> 7.2079172 | L55: =(D10*118.9425287)/(100) -> -5.316731 | N55: =(C10*118.9425287)/(100) -> 8.9206897 | P55: =(J55+L55)/2 -> 0.9455931 | R55: =J55/30 -> 0.24026391 | T55: =L55/30 -> -0.17722437 | V55: =N55/30 -> 0.29735632 | X55: =P55/30 -> 0.03151977
J56: =(B11*118.9425287)/(100) -> 8.1237747 | L56: =(D11*118.9425287)/(100) -> -5.8281839 | N56: =(C11*118.9425287)/(100) -> 11.894253 | P56: =(J56+L56)/2 -> 1.1477954 | R56: =J56/30 -> 0.27079249 | T56: =L56/30 -> -0.1942728 | V56: =N56/30 -> 0.3964751 | X56: =P56/30 -> 0.038259847
J57: =(B12*118.9425287)/(100) -> 9.4797195 | L57: =(D12*118.9425287)/(100) -> -6.4466851 | N57: =(C12*118.9425287)/(100) -> 17.841379 | P57: =(J57+L57)/2 -> 1.5165172 | R57: =J57/30 -> 0.31599065 | T57: =L57/30 -> -0.2148895 | V57: =N57/30 -> 0.59471264 | X57: =P57/30 -> 0.050550575
J58: =(B13*118.9425287)/(100) -> 10.348 | L58: =(D13*118.9425287)/(100) -> -6.7321471 | N58: =(C13*118.9425287)/(100) -> 23.788506 | P58: =(J58+L58)/2 -> 1.8079264 | R58: =J58/30 -> 0.34493333 | T58: =L58/30 -> -0.2244049 | V58: =N58/30 -> 0.79295019 | X58: =P58/30 -> 0.060264215
J59: =(B14*118.9425287)/(100) -> 10.90703 | L59: =(D14*118.9425287)/(100) -> -6.7797241 | N59: =(C14*118.9425287)/(100) -> 29.735632 | P59: =(J59+L59)/2 -> 2.0636529 | R59: =J59/30 -> 0.36356766 | T59: =L59/30 -> -0.2259908 | V59: =N59/30 -> 0.99118774 | X59: =P59/30 -> 0.068788429
J60: =(B15*118.9425287)/(100) -> 11.156809 | L60: =(D15*118.9425287)/(100) -> -6.6845701 | N60: =(C15*118.9425287)/(100) -> 35.682759 | P60: =(J60+L60)/2 -> 2.2361195 | R60: =J60/30 -> 0.37189364 | T60: =L60/30 -> -0.222819 | V60: =N60/30 -> 1.1894253 | X60: =P60/30 -> 0.074537318
J61: =(B16*118.9425287)/(100) -> 11.002184 | L61: =(D16*118.9425287)/(100) -> -6.2444828 | N61: =(C16*118.9425287)/(100) -> 47.577011 | P61: =(J61+L61)/2 -> 2.3788506 | R61: =J61/30 -> 0.36673946 | T61: =L61/30 -> -0.20814943 | V61: =N61/30 -> 1.5859004 | X61: =P61/30 -> 0.079295019
J62: =(B17*118.9425287)/(100) -> 10.193375 | L62: =(D17*118.9425287)/(100) -> -5.5546161 | N62: =(C17*118.9425287)/(100) -> 59.471264 | P62: =(J62+L62)/2 -> 2.3193793 | R62: =J62/30 -> 0.33977916 | T62: =L62/30 -> -0.18515387 | V62: =N62/30 -> 1.9823755 | X62: =P62/30 -> 0.077312644
J63: =(B18*118.9425287)/(100) -> 8.9206897 | L63: =(D18*118.9425287)/(100) -> -4.6387586 | N63: =(C18*118.9425287)/(100) -> 71.365517 | P63: =(J63+L63)/2 -> 2.1409655 | R63: =J63/30 -> 0.29735632 | T63: =L63/30 -> -0.15462529 | V63: =N63/30 -> 2.3788506 | X63: =P63/30 -> 0.071365517
J64: =(B19*118.9425287)/(100) -> 7.2554943 | L64: =(D19*118.9425287)/(100) -> -3.6277471 | N64: =(C19*118.9425287)/(100) -> 83.25977 | P64: =(J64+L64)/2 -> 1.8138736 | R64: =J64/30 -> 0.24184981 | T64: =L64/30 -> -0.1209249 | V64: =N64/30 -> 2.7753257 | X64: =P64/30 -> 0.060462452
... J68: =(B23*118.9425287)/(100) -> 0.19030805 | L68: =(D23*118.9425287)/(100) -> -0.19030805 | N68: =(C23*118.9425287)/(100) -> 118.94253 | P68: =(J68+L68)/2 -> 0 | R68: =J68/30 -> 0.0063436015 | T68: =L68/30 -> -0.0063436015 | V68: =N68/30 -> 3.964751 | X68: =P68/30 -> 0
O78: 0 | P78: …. | Q78: 0 | R78: 0
O79: 1.25 | P79: 1.894 | Q79: 1.25 | R79: -1.894
O80: 2.5 | P80: 2.615 | Q80: 2.5 | R80: -2.615
O81: 5 | P81: 3.555 | Q81: 5 | R81: -3.555
O82: 7.5 | P82: 4.2 | Q82: 7.5 | R82: -4.2
O83: 10 | P83: 4.683 | Q83: 10 | R83: -4.683
O84: 15 | P84: 5.345 | Q84: 15 | R84: -5.345
O85: 20 | P85: 5.738 | Q85: 20 | R85: -5.738
O86: 25 | P86: 5.941 | Q86: 25 | R86: -5.941
O87: 30 | P87: 6.002 | Q87: 30 | R87: -6.002
O88: 40 | P88: 5.803 | Q88: 40 | R88: -5.803
O89: 50 | P89: 5.294 | Q89: 50 | R89: -5.294
O90: 60 | P90: 4.563 | Q90: 60 | R90: -4.563
... O96: 100 | P96: 0 | Q96: 100 | R96: 0

Sheet ACT 5
A1: Items | B1: Weight Range | C1: Detailed Weight | D1: Weight | E1: Weight | I1: change to wat u like
B2: % | C2: % | D2: (lb) | E2: (kg) | I2: dont touch
A3: I. Payload | B3: 30 - 35 | C3: =(D3/$D$31)*100 -> 32.817494 | D3: =SUM(D4:D8) -> 549.20114 | E3: =D3/2.2 -> 249.63688 | F3: [Note: "Payload" here includes fuel & oil per Loftin method convention. In standard practice, payload = crew + baggage only; fuel/oil are separate variable weight items.]
A4: 1. Pilot | C4: =(D4/$D$31)*100 -> 10.158344 | D4: 170 | E4: =D4/2.2 -> 77.272727
A5: 2. Passenger(s) | C5: =(D5/$D$31)*100 -> 10.158344 | D5: 170 | E5: =D5/2.2 -> 77.272727
A6: 3. Baggage | C6: =(D6/$D$31)*100 -> 2.3901985 | D6: 40 | E6: =D6/2.2 -> 18.181818 | L6: Fuel | P6: 134.37396
A7: 4. Fuel | C7: =(D7/$D$31)*100 -> 9.4786952 | D7: ='ACT 3'!F11 -> 158.62607 | E7: =D7/2.2 -> 72.10276 | F7: ← linked to ACT 3 Loftin fuel (was 134.37 lb; ACT 3 Wf = 158.6 lb) | L7: Oil | P7: 10.575072
A8: 5. Oil | C8: =(D8/$D$31)*100 -> 0.63191301 | D8: ='ACT 3'!F15 -> 10.575072 | E8: =D8/2.2 -> 4.8068507 | F8: ← linked to ACT 3 oil weight formula | L8: Wing | P8: 210
A9: II. Empty Weight | B9: 65 - 70 | C9: =(D9/$D$31)*100 -> 67.182506 | D9: =D31-D3 -> 1124.3 | E9: =D9/2.2 -> 511.04545 | L9: Fuselage inluding canopy | P9: 180
A10: A. Airframe | B10: 30 - 35 | C10: =(D10/$D$31)*100 -> 31.042704 | D10: =SUM(D11:D17) -> 519.5 | E10: =D10/2.2 -> 236.13636 | L10: Horizontal Tail, including Elevators | P10: 33
A11: 6. Wing | B11: 12 to 15 | C11: =(D11/$D$31)*100 -> 12.548542 | D11: 210 | E11: =D11/2.2 -> 95.454545 | L11: Vertical Tail, including Rudder | P11: 32
A12: 7. Fuselage, including canopy | B12: 9 to 12 | C12: =(D12/$D$31)*100 -> 10.755893 | D12: 180 | E12: =D12/2.2 -> 81.818182 | L12: Cowling | P12: 16.5
A13: 8. Horizontal tail including elevator(s) | B13: 1.5-2 | C13: =(D13/$D$31)*100 -> 1.9719138 | D13: 33 | E13: =D13/2.2 -> 15 | L13: Flaps and Ailerons | P13: 32
A14: 9. Vertical tail including rudder | B14: 1.5-2 | C14: =(D14/$D$31)*100 -> 1.9121588 | D14: 32 | E14: =D14/2.2 -> 14.545455 | L14: Trim Tabs | P14: 16
A15: 10. Cowling | B15: 1 | C15: =(D15/$D$31)*100 -> 0.9859569 | D15: 16.5 | E15: =D15/2.2 -> 7.5 | L15: Landing Gears | P15: 92.6
A16: 11. Flaps and Ailerons | B16: 1.5-2 | C16: =(D16/$D$31)*100 -> 1.9121588 | D16: 32 | E16: =D16/2.2 -> 14.545455 | L16: Fuel Tank(s) and System | P16: 49
A17: 12. Trim Tabs | B17: 0.5-1 | C17: =(D17/$D$31)*100 -> 0.95607942 | D17: 16 | E17: =D17/2.2 -> 7.2727273 | L17: Flaps and Ailerons Control | P17: 24
A18: B. Aircraft Systems | B18: 15-17 | C18: =(D18/$D$31)*100 -> 15.363001 | D18: =SUM(D19,D20,D21,D22,D26,D27) -> 257.1 | E18: =D18/2.2 -> 116.86364 | L18: Instruments and Radio | P18: 33.5
A19: 13. Landing gears | B19: 5 to 6 | C19: =(D19/$D$31)*100 -> 5.5333096 | D19: 92.6 | E19: =D19/2.2 -> 42.090909 | L19: Battery Lights and Electrical System | P19: 34
A20: 14. Fuel tank(s) and system | B20: 2.5-3 | C20: =(D20/$D$31)*100 -> 2.9279932 | D20: 49 | E20: =D20/2.2 -> 22.272727 | L20: Seats and Harnesses | P20: 24
A21: 15. Flaps and ailerons control | B21: 1-1.5 | C21: =(D21/$D$31)*100 -> 1.4341191 | D21: 24 | E21: =D21/2.2 -> 10.909091 | L21: Standard Engine Dry Weight | P21: 285.7
A22: 16. Instruments and radio | B22: 2-2.5 | C22: =(D22/$D$31)*100 -> 2.0017913 | D22: =SUM(D23:D25) -> 33.5 | E22: =D22/2.2 -> 15.227273 | L22: Propeller and Spinner | P22: 62
A23: I. BendixKing KY 196 VHF Radio) | C23: =(D23/$D$31)*100 -> 0.20914237 | D23: 3.5 | E23: =D23/2.2 -> 1.5909091
A24: II. Garmin GNS 430W GPS/NAV/COM | C24: =(D24/$D$31)*100 -> 1.0755893 | D24: 18 | E24: =D24/2.2 -> 8.1818182
A25: III. Garmin G5 Attitude Indicator | C25: =(D25/$D$31)*100 -> 0.71705956 | D25: 12 | E25: =D25/2.2 -> 5.4545455
A26: 17. Battery lights and electrical system | B26: 2-2.5 | C26: =(D26/$D$31)*100 -> 2.0316688 | D26: 34 | E26: =D26/2.2 -> 15.454545
A27: 18. Seats and harnesses | B27: 1-1.5 | C27: =(D27/$D$31)*100 -> 1.4341191 | D27: 24 | E27: =D27/2.2 -> 10.909091
A28: C. Propulsion group | B28: 20-25 | C28: =(D28/$D$31)*100 -> 20.776801 | D28: =SUM(D29:D30) -> 347.7 | E28: =D28/2.2 -> 158.04545
A29: 19. Standard engine dry weight | B29: 15-20 | C29: =(D29/$D$31)*100 -> 17.071993 | D29: 285.7 | E29: =D29/2.2 -> 129.86364
A30: 20. Propeller and spinner | B30: 3 to 5 | C30: =(D30/$D$31)*100 -> 3.7048077 | D30: 62 | E30: =D30/2.2 -> 28.181818
A31: III. Gross Weight | C31: 100 | D31: =SUM(D28,D18,D10,D3) -> 1673.5011 | E31: =D31/2.2 -> 760.68234
D33: 1649.25
D35: =D33-D31 -> -24.251144

Sheet ACT 6
D4: PROP AND SPINNER GROUP
D5: PORTION | E5: A | F5: X | G5: Y | H5: AX | I5: AY
E6: m^2 | F6: m | G6: m | H6: m^3 | I6: m^3 | K6: X' | L6: =H9/E9 -> 0.2048087
D7: PROPELLER | E7: 0.0245 | F7: 0.2377 | G7: 1.1001 | H7: =E7*F7 -> 0.00582365 | I7: =E7*G7 -> 0.02695245 | K7: Y' | L7: =ROUND(I9/E9,4) -> 1.101
D8: SPINNER | E8: 0.0445 | F8: 0.1867 | G8: 1.1015 | H8: =E8*F8 -> 0.00830815 | I8: =E8*G8 -> 0.04901675
E9: =SUM(E7:E8) -> 0.069 | H9: =SUM(H7:H8) -> 0.0141318 | I9: =SUM(I7:I8) -> 0.0759692
D13: ENGINE GROUP
D14: PORTION | E14: A | F14: X | G14: Y | H14: AX | I14: AY
E15: m^2 | F15: m | G15: m | H15: m^3 | I15: m^3 | K15: X' | L15: =H18/E18 -> 0.86790311
D16: ENGINE | E16: 0.4087 | F16: 0.8304 | G16: 0.9394 | H16: =E16*F16 -> 0.33938448 | I16: =E16*G16 -> 0.38393278 | K16: Y' | L16: =ROUND(I18/E18,4) -> 0.9278
D17: COWLING | E17: 0.7943 | F17: 0.8872 | G17: 0.9218 | H17: =E17*F17 -> 0.70470296 | I17: =E17*G17 -> 0.73218574
E18: =SUM(E16:E17) -> 1.203 | H18: =SUM(H16:H17) -> 1.0440874 | I18: =SUM(I16:I17) -> 1.1161185
D22: FUSELAGE GROUP
D23: PORTION | E23: A | F23: X | G23: Y | H23: AX | I23: AY
E24: m^2 | F24: m | G24: m | H24: m^3 | I24: m^3 | K24: X' | L24: =H32/E32 -> 2.9221472
D25: FUSELAGE | E25: 3.2502 | F25: 3.1208 | G25: 1.1104 | H25: =E25*F25 -> 10.143224 | I25: =E25*G25 -> 3.6090221 | K25: Y' | L25: =ROUND(I32/E32,4) -> 1.1258
D26: CANOPY | E26: 0.281 | F26: 2.379 | G26: 1.3902 | H26: =E26*F26 -> 0.668499 | I26: =E26*G26 -> 0.3906462
D27: INSTRU | E27: 0.1742 | F27: 1.6186 | G27: 1.1494 | H27: =E27*F27 -> 0.28196012 | I27: =E27*G27 -> 0.20022548
D28: BATTS | E28: 0.03 | F28: 1.36 | G28: 1.14 | H28: =E28*F28 -> 0.0408 | I28: =E28*G28 -> 0.0342
D29: SEATS | E29: 0.11 | F29: 2.31 | G29: 1.03 | H29: =E29*F29 -> 0.2541 | I29: =E29*G29 -> 0.1133
D30: PILOT | E30: 0.15 | F30: 2.11 | G30: 1.14 | H30: =E30*F30 -> 0.3165 | I30: =E30*G30 -> 0.171
D31: BAGGAGE | E31: 0.11 | F31: 2.65 | G31: 0.94 | H31: =E31*F31 -> 0.2915 | I31: =E31*G31 -> 0.1034
E32: =SUM(E25:E31) -> 4.1054 | H32: =SUM(H25:H31) -> 11.996583 | I32: =SUM(I25:I31) -> 4.6217938
D36: WING GROUP
D37: PORTION | E37: A | F37: X | G37: Y | H37: AX | I37: AY
E38: m^2 | F38: m | G38: m | H38: m^3 | I38: m^3 | K38: X' | L38: =H42/E42 -> 2.2998549 | O38: Propeller and Spinner Group
D39: WING | E39: 0.4616 | F39: 2.2139 | G39: 0.7401 | H39: =E39*F39 -> 1.0219362 | I39: =E39*G39 -> 0.34163016 | K39: Y' | L39: =ROUND(I42/E42,4) -> 0.7717 | Q39: Area | R39: =E9 -> 0.069 | S39: ← total area corrected: SUM(E7:E8)=0.069 (was hardcoded 0.0661)
D40: FLAP-AILERONS | E40: 0.1 | F40: 2.65 | G40: 0.92 | H40: =E40*F40 -> 0.265 | I40: =E40*G40 -> 0.092 | Q40: X | R40: =L6 -> 0.2048087 | S40: ← X′ corrected: prop/spinner centroid ~0.21 m forward (was engine value 0.87 m)
D41: TRIMS | E41: 0.0056 | F41: 3.1324 | G41: 0.7288 | H41: =E41*F41 -> 0.01754144 | I41: =E41*G41 -> 0.00408128 | Q41: Y | R41: =L7 -> 1.101 | S41: ← Y′ corrected: ~1.10 m (was engine value 0.93 m)
E42: =SUM(E39:E41) -> 0.5672 | H42: =SUM(H39:H41) -> 1.3044777 | I42: =SUM(I39:I41) -> 0.43771144 | P42: Engine Group | Q42: Area | R42: 1.203
Q43: X | R43: 0.86790311
Q44: Y | R44: 0.9278
P45: Fuselage Group | Q45: Area | R45: =SUM(R38:R44) -> 4.3735118
D46: HORIZONTAL STABILIZER | Q46: X | R46: 2.9221472
D47: PORTION | E47: A | F47: X | G47: Y | H47: AX | I47: AY | K47: X' | L47: =H52/E52 -> 5.6362017 | Q47: Y | R47: 1.1258
E48: m^2 | F48: m | G48: m | H48: m^3 | I48: m^3 | K48: Y' | L48: =ROUND(I52/E52,4) -> 1.3402 | P48: Wing Group | Q48: Area | R48: 0.5672
D49: Horizontal Stabilizer | E49: 0.0629 | F49: 5.5737 | G49: 1.386 | H49: =E49*F49 -> 0.35058573 | I49: =E49*G49 -> 0.0871794 | Q49: X | R49: 2.2998549
D50: ELEVATOR | E50: 0.0157 | F50: 5.8361 | G50: 1.1787 | H50: =E50*F50 -> 0.09162677 | I50: =E50*G50 -> 0.01850559 | Q50: Y | R50: 0.7717
D51: TRIMS | E51: 0.0021 | F51: 6.0138 | G51: 1.1744 | H51: =E51*F51 -> 0.01262898 | I51: =E51*G51 -> 0.00246624 | P51: Horizontal Tail Group | Q51: Area | R51: 0.0807
E52: =SUM(E49:E51) -> 0.0807 | H52: =SUM(H49:H51) -> 0.45484148 | I52: =SUM(I49:I51) -> 0.10815123 | Q52: X | R52: 5.6362017
Q53: Y | R53: 1.3402
P54: Vertical Tail Group | Q54: Area | R54: 1.3231
D55: Vertical Stabilizer | Q55: X | R55: 5.8145226
D56: PORTION | E56: A | F56: X | G56: Y | H56: AX | I56: AY | K56: X' | L56: =H61/E61 -> 5.8145226 | Q56: Y | R56: 1.6943
E57: m^2 | F57: m | G57: m | H57: m^3 | I57: m^3 | K57: Y' | L57: =ROUND(I61/E61,4) -> 1.6943 | P57: Landing Gear Group | Q57: Area | R57: 0.2278
D58: Vertical Stabilizer | E58: 1.0064 | F58: 5.7417 | G58: 1.7092 | H58: =E58*F58 -> 5.7784469 | I58: =E58*G58 -> 1.7201389 | Q58: X | R58: 1.423128
D59: Rudder | E59: 0.2979 | F59: 6.0387 | G59: 1.6568 | H59: =E59*F59 -> 1.7989287 | I59: =E59*G59 -> 0.49356072 | Q59: Y | R59: 0.2239
D60: Trim Tabs | E60: 0.0188 | F60: 6.1606 | G60: 1.4915 | H60: =E60*F60 -> 0.11581928 | I60: =E60*G60 -> 0.0280402
E61: =SUM(E58:E60) -> 1.3231 | H61: =SUM(H58:H60) -> 7.6931949 | I61: =SUM(I58:I60) -> 2.2417398
D64: Landing Gear Group
D65: PORTION | E65: A | F65: X | G65: Y | H65: AX | I65: AY | K65: X' | L65: =H70/E70 -> 1.423128
E66: m^2 | F66: m | G66: m | H66: m^3 | I66: m^3 | K66: Y' | L66: =ROUND(I70/E70,4) -> 0.2239
D67: Nose Landing Gear | E67: 0.1188 | F67: 0.6107 | G67: 0.235 | H67: =E67*F67 -> 0.07255116 | I67: =E67*G67 -> 0.027918
D68: Main Landing Gear | E68: 0.109 | F68: 2.3086 | G68: 0.2118 | H68: =E68*F68 -> 0.2516374 | I68: =E68*G68 -> 0.0230862
E70: =SUM(E67:E69) -> 0.2278 | H70: =SUM(H67:H69) -> 0.32418856 | I70: =SUM(I67:I69) -> 0.0510042

Sheet ACT 7
G7: Fuselage including Canopy | N7: X' | O7: =K12/H12 -> 3.3070628
G8: PORTION | H8: A | I8: X | J8: Y | K8: AX | L8: AY | N8: Y' | O8: =ROUND(L12/H12,4) -> 1.141
H9: m^2 | I9: m | J9: m | K9: m^3 | L9: m^3
G10: FUSELAGE | H10: ='ACT 6'!E25 -> 3.2502 | I10: ='ACT 6'!F25 -> 3.1208 | J10: ='ACT 6'!G25 -> 1.1104 | K10: 11.0143 | L10: 3.6146
G11: CANOPY | H11: ='ACT 6'!E26 -> 0.281 | I11: ='ACT 6'!F26 -> 2.379 | J11: ='ACT 6'!G26 -> 1.3902 | K11: 0.6636 | L11: 0.4144
G12: ∑ | H12: =SUM(H10:H11) -> 3.5312 | K12: =SUM(K10:K11) -> 11.6779 | L12: =SUM(L10:L11) -> 4.029
G15: Vertical Tail including Rudder | N15: X' | O15: =K20/H20 -> 5.4724373
G16: PORTION | H16: A | I16: X | J16: Y | K16: AX | L16: AY | N16: Y' | O16: =ROUND(L20/H20,4) -> 1.5529
H17: m^2 | I17: m | J17: m | K17: m^3 | L17: m^3
G18: VERTICAL STABILIZER | H18: ='ACT 6'!E58 -> 1.0064 | I18: ='ACT 6'!F58 -> 5.7417 | J18: ='ACT 6'!G58 -> 1.7092 | K18: 5.3388 | L18: 1.5318
G19: RUDDER | H19: ='ACT 6'!E59 -> 0.2979 | I19: ='ACT 6'!F59 -> 6.0387 | J19: ='ACT 6'!G59 -> 1.6568 | K19: 1.7989 | L19: 0.4936
G20: ∑ | H20: =SUM(H18:H19) -> 1.3043 | K20: =SUM(K18:K19) -> 7.1377 | L20: =SUM(L18:L19) -> 2.0254
G23: Horizontal Tail including Elevator | N23: X' | O23: =K28/H28 -> 6.1564885
G24: PORTION | H24: A | I24: X | J24: Y | K24: AX | L24: AY | N24: Y' | O24: =ROUND(L28/H28,4) -> 1.1005 | AG24: Basic Airplane | AH24: W, Weight | AI24: kg | AK24: 500.27273
H25: m^2 | I25: m | J25: m | K25: m^3 | L25: m^3 | AH25: X, Horizontal Arm | AI25: m | AK25: 2.0241759
G26: HORIZONTAL TAIL STABILIZER | H26: ='ACT 6'!E49 -> 0.0629 | I26: ='ACT 6'!F49 -> 5.5737 | J26: ='ACT 6'!G49 -> 1.386 | K26: 0.3456 | L26: 0.0624 | AH26: Y, Vertical Arm | AI26: m | AK26: 0.9443
G27: ELEVATOR | H27: ='ACT 6'!E50 -> 0.0157 | I27: ='ACT 6'!F50 -> 5.8361 | J27: ='ACT 6'!G50 -> 1.1787 | K27: 0.1383 | L27: 0.0241 | AG27: Pilot | AH27: W, Weight | AI27: kg | AK27: 77.1
G28: ∑ | H28: =SUM(H26:H27) -> 0.0786 | K28: =SUM(K26:K27) -> 0.4839 | L28: =SUM(L26:L27) -> 0.0865 | AH28: X, Horizontal Arm | AI28: m | AK28: 2.124
AH29: Y, Vertical Arm | AI29: m | AK29: 1.0736
AG30: Pasenger | AH30: W, Weight | AI30: kg | AK30: 77.1
AH31: X, Horizontal Arm | AI31: m | AK31: 2.124
G32: Trim Tabs | N32: X' | O32: =K38/H38 -> 6.6113208 | AH32: Y, Vertical Arm | AI32: m | AK32: 1.0736
G33: PORTION | H33: A | I33: X | J33: Y | K33: AX | L33: AY | N33: Y' | O33: =ROUND(L38/H38,4) -> 1.5849 | AG33: Baggage (for Max aft) | AH33: W, Weight | AI33: kg | AK33: 54.42
H34: m^2 | I34: m | J34: m | K34: m^3 | L34: m^3 | AH34: X, Horizontal Arm | AI34: m | AK34: 2.54
G35: Trim Tabs (Wings) | H35: ='ACT 6'!E41 -> 0.0056 | I35: ='ACT 6'!F41 -> 3.1324 | J35: ='ACT 6'!G41 -> 0.7288 | K35: 0.0296 | L35: 0.0085 | AH35: Y, Vertical Arm | AI35: m | AK35: 0.8701
G36: Trim Tabs (Horizontal Tail) | H36: ='ACT 6'!E51 -> 0.0021 | I36: ='ACT 6'!F50 -> 5.8361 | J36: ='ACT 6'!G51 -> 1.1744 | K36: 0.0155 | L36: 0.0026 | AG36: Baggage (for GW CG) | AH36: W, Weight | AI36: kg | AK36: 36.28
G37: Trim Tabs (Vertical Tail) | H37: ='ACT 6'!E60 -> 0.0188 | I37: ='ACT 6'!F60 -> 6.1606 | J37: ='ACT 6'!G60 -> 1.4915 | K37: 0.1301 | L37: 0.0309 | AH37: X, Horizontal Arm | AI37: m | AK37: 2.54
G38: ∑ | H38: =SUM(H35:H37) -> 0.0265 | K38: =SUM(K35:K37) -> 0.1752 | L38: =SUM(L35:L37) -> 0.042 | AH38: Y, Vertical Arm | AI38: m | AK38: 0.8701
AG39: Fuel(Full) | AH39: W, Weight | AI39: kg | AK39: 71.951576
AH40: X, Horizontal Arm | AI40: m | AK40: 2.1782
AH41: Y, Vertical Arm | AI41: m | AK41: 0.7675
G42: TABLE I. BASIC AIRPLANE C,G, POSITION | N42: X' | O42: =J59/H59 -> 2.0244997 | AG42: Oil (Full) | AH42: W, Weight | AI42: kg | AK42: 4.8068507
G43: PORTION | H43: W | I43: X | J43: WX | K43: Y | L43: WY | N43: Y' | O43: =ROUND(L59/H59,4) -> 0.9443 | AH43: X, Horizontal Arm | AI43: m | AK43: 0.816
H44: kg | I44: m | J44: kg-m | K44: m | L44: kg-m | AH44: Y, Vertical Arm | AI44: m | AK44: 0.8478
G45: Wing | H45: ='ACT 5'!E11 -> 95.454545 | I45: 2.2203 | J45: =H45*I45 -> 211.93773 | K45: 0.8124 | L45: =H45*K45 -> 77.547273 | AG45: Fuel in Rear of Tanks | AH45: W, Weight | AI45: kg | AK45: 35.975759
G46: Fuselage, including Canopy | H46: ='ACT 5'!E12 -> 81.818182 | I46: 3.1219 | J46: =H46*I46 -> 255.42818 | K46: 1.111 | L46: =H46*K46 -> 90.9 | AH46: X, Horizontal Arm | AI46: m | AK46: 2.3972
G47: Horizontal Tail including Elevator | H47: ='ACT 5'!E13 -> 15 | I47: 5.5748 | J47: =H47*I47 -> 83.622 | K47: 1.386 | L47: =H47*K47 -> 20.79 | AH47: Y, Vertical Arm | AI47: m | AK47: 0.7676
G48: Vertical Tail including Rudder | H48: ='ACT 5'!E14 -> 14.545455 | I48: 5.7338 | J48: =H48*I48 -> 83.400727 | K48: ='ACT 6'!G58 -> 1.7092 | L48: =H48*K48 -> 24.861091 | AG48: TABLE I. BASIC AIRPLANE C.G. POSITION
G49: Cowling | H49: ='ACT 5'!E15 -> 7.5 | I49: 0.8884 | J49: =H49*I49 -> 6.663 | K49: 0.9331 | L49: =H49*K49 -> 6.99825 | AG49: Wing | AH49: X, Horizontal Arm | AI49: m | AK49: 2.2203
G50: Flaps and Ailerons includiong Controls | H50: ='ACT 5'!E16 -> 14.545455 | I50: 2.6067 | J50: =H50*I50 -> 37.915636 | K50: 0.8819 | L50: =H50*K50 -> 12.827636 | Q50: 2.259 | T50: 2.478 | U50: =T50-R51 -> 2.3972 | AH50: Y, Vertical Arm | AI50: m | AK50: 0.8124
G51: Trim Tabs | H51: ='ACT 5'!E17 -> 7.2727273 | I51: 5.3448 | J51: =H51*I51 -> 38.871273 | K51: 1.4708 | L51: =H51*K51 -> 10.696727 | Q51: 2.1782 | R51: =Q50-Q51 -> 0.0808 | AG51: Fuselage inluding canopy | AH51: X, Horizontal Arm | AI51: m | AK51: 3.1219
G52: Landing Gear | H52: ='ACT 5'!E19 -> 42.090909 | I52: 1.481 | J52: =H52*I52 -> 62.336636 | K52: 0.2331 | L52: =H52*K52 -> 9.8113909 | N52: m^2 | AH52: Y, Vertical Arm | AI52: m | AK52: 1.111
G53: Fuel Tanks and System | H53: ='ACT 5'!E20 -> 22.272727 | I53: 2.1782 | J53: =H53*I53 -> 48.514455 | K53: 0.7675 | L53: =H53*K53 -> 17.094318 | M53: Area | N53: 0.0615 | AG53: Horizontal Tail, including Elevators | AH53: X, Horizontal Arm | AI53: m | AK53: 5.5748
G54: Instruments and Radio | H54: ='ACT 5'!E22 -> 15.227273 | I54: 1.6168 | J54: =H54*I54 -> 24.619455 | K54: 1.1779 | L54: =H54*K54 -> 17.936205 | P54: =H53/2 -> 11.136364 | S54: 35.975759 | AH54: Y, Vertical Arm | AI54: m | AK54: 1.386
G55: Battery, Lights, and Electrical Syste | H55: ='ACT 5'!E26 -> 15.454545 | I55: 1.262 | J55: =H55*I55 -> 19.503636 | K55: 1.1108 | L55: =H55*K55 -> 17.166909 | S55: 2.3972 | AG55: Vertical Tail, including Rudder | AH55: X, Horizontal Arm | AI55: m | AK55: 5.7338
G56: Seats and Harnesses | H56: ='ACT 5'!E27 -> 10.909091 | I56: 2.3113 | J56: =H56*I56 -> 25.214182 | K56: 0.923 | L56: =H56*K56 -> 10.069091 | S56: 0.7676 | AH56: Y, Vertical Arm | AI56: m | AK56: 1.7092
G57: Engine | H57: ='ACT 5'!E29 -> 129.86364 | I57: 0.8367 | J57: =H57*I57 -> 108.6569 | K57: 0.9628 | L57: =H57*K57 -> 125.03271 | M57: ← linked to ACT 5 E29 (was hardcoded 130 kg; correct: 129.86 kg) | AG57: Cowling | AH57: X, Horizontal Arm | AI57: m | AK57: 0.8884
G58: Propeller and Spinner | H58: ='ACT 5'!E30 -> 28.181818 | I58: 0.2073 | J58: =H58*I58 -> 5.8420909 | K58: 1.0846 | L58: =H58*K58 -> 30.566 | AH58: Y, Vertical Arm | AI58: m | AK58: 0.9331
G59: ∑ | H59: =SUM(H45:H58) -> 500.13636 | J59: =SUM(J45:J58) -> 1012.5259 | L59: =SUM(L45:L58) -> 472.2976 | W59: d(%) | X59: ΣWX(kgf-m) | AG59: Flaps and Ailerons | AH59: X, Horizontal Arm | AI59: m | AK59: 2.6067
V60: Table 2 | W60: =O66 -> 32.467657 | X60: =J70 -> 1564.5146 | Y60: Table 3 | Z60: =W61 -> 26.606109 | AA60: 1162.1556 | AH60: Y, Vertical Arm | AI60: m | AK60: 0.8819
V61: Table 3 | W61: =O77 -> 26.606109 | X61: =J79 -> 1131.2745 | Y61: Table 4 | Z61: =W62 -> 30.486834 | AA61: 1542.2686 | AG61: Trim Tabs | AH61: X, Horizontal Arm | AI61: m | AK61: 5.3448
G62: TABLE II. MAXIMUM AFT C.G. POSITION | N62: X' | O62: =J70/H70 -> 2.100775 | V62: Table 4 | W62: =O85 -> 30.486834 | X62: =J90 -> 1591.7658 | Y62: Table 2 | Z62: =W60 -> 32.467657 | AA62: 1421.9296 | AH62: Y, Vertical Arm | AI62: m | AK62: 1.4708
G63: PORTION | H63: W | I63: X | J63: WX | K63: Y | L63: WY | N63: Y' | O63: =L70/H70 -> 0.95711424 | AG63: Landing Gears | AH63: X, Horizontal Arm | AI63: m | AK63: 1.481
H64: kg | I64: m | J64: kg-m | K64: m | L64: kg-m | AH64: Y, Vertical Arm | AI64: m | AK64: 0.2331
G65: Basic Airplane | H65: =H59 -> 500.13636 | I65: =O42 -> 2.0244997 | J65: =J59 -> 1012.5259 | K65: =O43 -> 0.9443 | L65: =H65*K65 -> 472.27877 | O65: % | AG65: Fuel Tank(s) and System | AH65: X, Horizontal Arm | AI65: m | AK65: 2.1782
G66: Pilot | H66: 77.1 | I66: 2.124 | J66: =H66*I66 -> 163.7604 | K66: 1.0736 | L66: =H66*K66 -> 82.77456 | N66: d | O66: =((O62-P94)/(P93))*100 -> 32.467657 | AH66: Y, Vertical Arm | AI66: m | AK66: 0.7675
G67: Passenger | H67: 77.1 | I67: =I66 -> 2.124 | J67: =H67*I67 -> 163.7604 | K67: =K66 -> 1.0736 | L67: =H67*K67 -> 82.77456 | AG67: Flaps and Ailerons Control | AH67: X, Horizontal Arm | AI67: m | AK67: 2.6067
G68: Baggage | H68: 54.42 | I68: 2.54 | J68: =H68*I68 -> 138.2268 | K68: 0.8701 | L68: =H68*K68 -> 47.350842 | AH68: Y, Vertical Arm | AI68: m | AK68: 0.8819
G69: Fuel in Rear of Tanks | H69: =('ACT 3'!F12)/2 -> 35.975759 | I69: 2.3972 | J69: =H69*I69 -> 86.241089 | K69: 0.7676 | L69: =H69*K69 -> 27.614992 | M69: Area | N69: 0.0354 | AG69: Instruments and Radio | AH69: X, Horizontal Arm | AI69: m | AK69: 1.6168
G70: ∑ | H70: =SUM(H65:H69) -> 744.73212 | J70: =SUM(J65:J69) -> 1564.5146 | L70: =SUM(L65:L69) -> 712.79372 | AH70: Y, Vertical Arm | AI70: m | AK70: 1.1779
AG71: Battery Lights and Electrical System | AH71: X, Horizontal Arm | AI71: m | AK71: 1.262
AH72: Y, Vertical Arm | AI72: m | AK72: 1.1108
G73: TABLE III. MAXIMUM FORWARD C.G. POSITION | N73: X' | O73: =J79/H79 -> 2.0224328 | AG73: Seats and Harnesses | AH73: X, Horizontal Arm | AI73: m | AK73: 2.3113
G74: PORTION | H74: W | I74: X | J74: WX | K74: Y | L74: WY | N74: Y' | O74: =L79/H79 -> 0.96251023 | AH74: Y, Vertical Arm | AI74: m | AK74: 0.923
H75: kg | I75: m | J75: kg-m | K75: m | L75: kg-m | AG75: Standard Engine Dry Weight | AH75: X, Horizontal Arm | AI75: m | AK75: 0.8367
G76: Basic Airplane | H76: =H59 -> 500.13636 | I76: =O42 -> 2.0244997 | J76: =I76*H76 -> 1012.5259 | K76: =O43 -> 0.9443 | L76: =K76*H76 -> 472.27877 | O76: % | AH76: Y, Vertical Arm | AI76: m | AK76: 0.9628
G77: Pilot | H77: 54.42 | I77: 2.11 | J77: =I77*H77 -> 114.8262 | K77: 1.14 | L77: =K77*H77 -> 62.0388 | N77: d | O77: =((O73-P94)/(P93))*100 -> 26.606109 | AG77: Propeller and Spinner | AH77: X, Horizontal Arm | AI77: m | AK77: 0.2073
G78: Oil | H78: 4.8068507 | I78: 0.816 | J78: =I78*H78 -> 3.9223902 | K78: 0.8478 | L78: =K78*H78 -> 4.075248 | AH78: Y, Vertical Arm | AI78: m | AK78: 1.0846
G79: ∑ | H79: =SUM(H76:H78) -> 559.36321 | J79: =SUM(J76:J78) -> 1131.2745 | L79: =SUM(L76:L78) -> 538.39282
AG80: Xo | AH80: (Horizontal distance from the datum line (spinner vertex) to the leading edge of the wing (MAC). | AI80: m | AK80: 1.6668304
G81: TABLE IV. GROSS WEIGHT C.G. POSITION | N81: X' | O81: =J90/H90 -> 2.0743004
G82: PORTION | H82: W | I82: X | J82: WX | K82: Y | L82: WY | N82: Y' | O82: =L90/H90 -> 0.95626368
H83: kg | I83: m | J83: kg-m | K83: m | L83: kg-m
G84: Basic Airplane | H84: =H59 -> 500.13636 | I84: =O42 -> 2.0244997 | J84: =H84*I84 -> 1012.5259 | K84: =O43 -> 0.9443 | L84: =H84*K84 -> 472.27877 | O84: %
G85: Pilot | H85: 77.1 | I85: =I66 -> 2.124 | J85: =H85*I85 -> 163.7604 | K85: =K66 -> 1.0736 | L85: =H85*K85 -> 82.77456 | N85: d | O85: =((O81-P94)/(P93))*100 -> 30.486834
G86: Passenger | H86: 77.1 | I86: 2.11 | J86: =H86*I86 -> 162.681 | K86: 1.14 | L86: =H86*K86 -> 87.894 | U86: 16.72
G87: Baggage | H87: 36.28 | I87: =I68 -> 2.54 | J87: =H87*I87 -> 92.1512 | K87: =K68 -> 0.8701 | L87: =H87*K87 -> 31.567228 | U87: 14.12 cm
G88: Fuel(Full) | H88: 71.951576 | I88: =I53 -> 2.1782 | J88: =H88*I88 -> 156.72492 | K88: =K53 -> 0.7675 | L88: =H88*K88 -> 55.222835
G89: Oil (Full) | H89: 4.8068507 | I89: =I78 -> 0.816 | J89: =H89*I89 -> 3.9223902 | K89: =K78 -> 0.8478 | L89: =H89*K89 -> 4.075248 | M89: Area | N89: 0.046
G90: ∑ | H90: =SUM(H84:H89) -> 767.37479 | J90: =SUM(J84:J89) -> 1591.7658 | L90: =SUM(L84:L89) -> 733.81264
O93: MAC | P93: 1.3365442 | Q93: m | R93: =(O62-P94)/(P93) -> 0.32467657
O94: X0 | P94: 1.6668304 | Q94: m

Sheet ACT 8
G4: α(@Cl max) | I4: 21.47 | J4: deg.
G6: Max AFT C.G. Position (Taken form Act No. 7) | M6: Gross Weight
G7: X' | H7: 2.06 | I7: m | M7: MTOW | N7: {='ACT 3'!F2:G2} -> 1649.2521 | O7: 0 | P7: lbs
G8: Y' | H8: 0.98 | I8: m | N8: {='ACT 3'!F3:G3} -> 748.08758 | O8: 0 | P8: kg
M10: Wf | N10: {='ACT 3'!F11:G11} -> 158.62607 | O10: 0 | P10: lbs
G11: Gross Weight C.G. Position (Taken from Act No. 7) | N11: {='ACT 3'!F12:G12} -> 71.951518 | O11: 0 | P11: kg
G12: X' | H12: 2.05 | I12: m
G13: Y' | H13: 0.97 | I13: m | M13: Wing Area (S)
M14: S | N14: ='ACT 3'!J4 -> 126.521 | O14: ft
A16: Type of Shock Absorber | B16: η | G16: WL | I16: =N7-0.25*(N10) -> 1609.5956 | J16: lbs | M16: g | N16: 32.174 | O16: ft/s2
A17: Tires | B17: 0.47 | G17: v (max rate of descent) | I17: =4.4*(I16/N14)^(1/4) -> 8.3098124 | J17: fps
A18: Steel Springs | B18: 0.5 | M18: L/W | N18: 3 | O18: normally used forstandard aircraft
A19: Rubber Rings | B19: 0.6 | G19: η ∙ S | I19: =((I17)^2)/(2*N16*(N18))*12 -> 4.292471 | J19: in
A20: Oleo-pneumatic | B20: 0.75 | G20: Load in Nose Wheel | I20: =(N7)*((N20-N21)/N20) -> 195.40892 | J20: lbs | M20: d | N20: 1.689439 | O20: m
G21: Load in Main Wheel (each) | I21: =(N7-I20)/2 -> 726.92161 | J21: lbs | M21: a | N21: 1.4892686 | O21: m
G22: Ss | I22: =(I19-(B17*H31))/(B20) -> 3.8432947 | J22: in
I23: =I22*0.0254 -> 0.097619686 | J23: m
G25: Selected
G26: Static Load | H26: 800 | K26: lb | L26: ← corrected: 800 lb tier; computed main gear load = 726.9 lb/wheel > 700 lb rating
G27: Tire Size | H27: 5.00 – 4 | K27: in
G28: Ply Rating | H28: 4 | K28: -
G29: Tire O. Diameter | H29: 14.2 | K29: in
G30: Flat Tire Radius | H30: 4.1 | K30: in
G31: Max. Tire Deflection | H31: 3 | K31: in
A34: Static Load | B34: Tire Size | C34: Ply Rating | D34: Tire O. Diameter | E34: Flat Tire Radius | F34: Max. Tire Deflection
A35: lb | B35: in. | C35: - | D35: in. | E35: in. | F35: in.
A36: 700 | B36: 5.00 – 4 | C36: 4 | D36: 13.25 | E36: 3.6 | F36: 3.02
A37: 800 | B37: 5.00 – 4 | C37: 4 | D37: 14.2 | E37: 4.1 | F37: 3
A38: 1100 | B38: 6.00 – 6 | C38: 5 | D38: 17.5 | E38: 4.5 | F38: 4.25

Sheet ACT 9
O7: Clean Airplane | U7: Dirty Airplane
F8: Aileron | G8: 0.044 | O8: Part | P8: Description | Q8: CDπ | R8: Aπ | S8: CDπAπ | U8: Part | W8: Description | X8: CDπ | Y8: Aπ | Z8: CDπAπ | AB8: Fuselage | AC8: ΣAπ | AG8: 1.2656
F9: Flaps | G9: 0.0696 | R9: m2 | S9: m2 | X9: — | Y9: m2 | Z9: m2 | AB9: Figure 14.2 | AC9: (Δ(1/e)fuselage) / (Sπfuselage/s) | AG9: 1.68
O10: Wing | P10: NACA 2415 | Q10: 0.008 | R10: 11.754 | S10: =Q10*R10 -> 0.094032 | U10: Wing | W10: NACA 2412 | X10: 0.008 | Y10: 11.754 | Z10: =X10*Y10 -> 0.094032 | AB10: CDπ | AC10: Wing | AD10: 0.004-0.010
AC11: Fuselage | AD11: 0.09-0.20
O12: Fuselage | P12: Small plane, Nose | Q12: 0.12 | R12: 1.2656 | S12: =Q12*R12 -> 0.151872 | U12: Fuselage | W12: Small plane, Nose | X12: 0.12 | Y12: 1.2656 | Z12: =X12*Y12 -> 0.151872 | AC12: Vertical Tail | AD12: 0.006-0.008
P13: Engine | AC13: Horizontal Tail | AD13: 0.006-0.008
F14: Areas | G14: ft2 | H14: m2 | K14: 0.1009 | O14: Vertical Tail | P14: NACA 0012 | Q14: 0.008 | R14: 0.5253 | S14: =Q14*R14 -> 0.0042024 | U14: Vertical Tail | W14: NACA 0012 | X14: 0.008 | Y14: 0.5253 | Z14: =X14*Y14 -> 0.0042024 | AC14: Nose Wheel and Strut | AD14: 0.5-0.8
B15: Aspect Ratio | C15: 6.58 | F15: Wing Gross | G15: ='ACT 3'!J4 -> 126.521 | H15: ='ACT 3'!K4 -> 11.754181 | K15: 0.2112 | AC15: Main Wheel and Strut | AD15: 0.3-0.5
F16: Aileron (total) | G16: ='ACT 3'!W4 -> 8.85647 | H16: ='ACT 3'!X4 -> 0.82279264 | K16: 0.2919 | O16: Horizontal Tail | P16: NACA 0012 | Q16: 0.008 | R16: 1.6761 | S16: =Q16*R16 -> 0.0134088 | U16: Horizontal Tail | W16: NACA 0012 | X16: 0.008 | Y16: 1.6761 | Z16: =X16*Y16 -> 0.0134088 | AC16: Flaps | AD16: 0.02-0.3
F17: Flaps (total) | G17: ='ACT 3'!T15 -> 14.406801 | H17: ='ACT 3'!U15 -> 1.338435 | K17: 0.0253 | AB17: kf | AC17: Correction Factor | AD17: 0.13-0.15
F18: Vertical Tail | G18: =(1/0.092903)*H18 -> 10.832804 | H18: 1.0064 | K18: 0.0035 | P18: Nose wheel and Strut | Q18: 0.69 | R18: 0.1135 | S18: =Q18*R18 -> 0.078315 | W18: Nose wheel and Strut | X18: 0.69 | Y18: 0.1135 | Z18: 0.078
B19: Gross Weight | C19: {='ACT 3'!F3:G3} -> 748.08758 | D19: 0 | F19: Horizontal Tail | G19: =(1/0.092903)*H19 -> 0.86864794 | H19: ='ACT 6'!E52 -> 0.0807 | K19: =SUM(K14:K18) -> 0.6328 | L19: =K19*2 -> 1.2656 | O19: Landing Gear | U19: Landing Gear
C20: {='ACT 3'!F2:G2} -> 1649.2521 | D20: 0 | P20: Main Wheels and Strut | Q20: 0.42 | R20: 0.119 | S20: =Q20*R20 -> 0.04998 | W20: Wheels and Strut | X20: 0.42 | Y20: 0.119 | Z20: 0.05
O22: ΣCDπAπ | S22: =SUM(S10:S21) -> 0.3918102 | U22: Flaps | V22: 60% span, Deflected 30 | X22: 0.022 | Y22: 1.384 | Z22: =X22*Y22 -> 0.030448
O23: Interference (Add 5% to | S23: =S22*0.05 -> 0.01959051
O24: )
O25: Roughness and Protuberances (Add 10% to | S25: =S22*0.1 -> 0.03918102 | U25: ΣCDπAπ | Z25: =SUM(Z10:Z24) -> 0.4219632
O26: )
Q27: ΣCDπAπTotal | S27: =SUM(S22:S26) -> 0.45058173 | U27: Interference (Add 5% to ΣCDπAπ) | Z27: =Z25*0.05 -> 0.02109816
U29: Roughness and Protuberances (Add 10% to ΣCDπAπ) | Z29: =Z25*0.1 -> 0.04219632
O31: Cdo | P31: =S27/H15 -> 0.038333743 | X31: ΣCDπAπTotal | Z31: =SUM(Z25:Z30) -> 0.48525768
P32: =1/(3.14*6.58*0.772) -> 0.06269417 | Q32: cl^2
X35: CDO | Y35: =Z31/H15 -> 0.041283838

Sheet ACT 10
G1: ACT 10
C3: changeable | F3: ① | G3: ② | H3: ③ | I3: ④ | J3: ⑤ | L3: ⑥ | M3: ⑦ | N3: ⑧ | O3: ⑨ | P3: ⑩ | Q3: ⑪ | R3: ⑫ | S3: ⑬
C4: cant touch this | F4: SEA LEVEL | L4: h = 5,000 ft | N4: h = 10,000 ft | P4: h = 15,000 ft | R4: h = 20,000 ft
F5: Vo | G5: CL | H5: CD | I5: TREQo | J5: THPREQDo | L5: V | M5: THPREQD | N5: V | O5: THPREQD | P5: V | Q5: THPREQD | R5: V | S5: THPREQD
F6: mph | G6: — | H6: — | I6: lb | J6: hp | L6: mph | M6: hp | N6: mph | O6: hp | P6: mph | Q6: hp | R6: mph | S6: hp
B7: Given: | C7: Values | F7: =C18 -> 60 | G7: =($C$8*2/((0.002377)*($C$9)*((F7*22)/15)^2)) -> 1.4163152 | H7: =$C$12+($C$13*G7^2) -> 0.16409503 | I7: =$C$8*(H7/G7) -> 191.08323 | J7: =(I7*F7)/375 -> 30.573317 | L7: =F7/SQRT($C$24) -> 64.638241 | M7: =J7/SQRT($C$24) -> 32.936757 | N7: =F7/SQRT($C$25) -> 69.823143 | O7: =J7/SQRT($C$25) -> 35.578751 | P7: =F7/SQRT($C$26) -> 75.643031 | Q7: =J7/SQRT($C$26) -> 38.544306 | R7: =F7/SQRT($C$27) -> 82.204679 | S7: =J7/SQRT($C$27) -> 41.887828
B8: W (lbs) | C8: ='ACT 3'!F2 -> 1649.2521 | F8: =F7+10 -> 70 | G8: =($C$8*2/((0.002377)*($C$9)*((F8*22)/15)^2)) -> 1.0405581 | H8: =$C$12+($C$13*G8^2) -> 0.10621655 | I8: =$C$8*(H8/G8) -> 168.34993 | J8: =(I8*F8)/375 -> 31.42532 | L8: =F8/SQRT($C$24) -> 75.411282 | M8: =J8/SQRT($C$24) -> 33.854623 | N8: =F8/SQRT($C$25) -> 81.460333 | O8: =J8/SQRT($C$25) -> 36.570243 | P8: =F8/SQRT($C$26) -> 88.250202 | Q8: =J8/SQRT($C$26) -> 39.61844 | R8: =F8/SQRT($C$27) -> 95.905459 | S8: =J8/SQRT($C$27) -> 43.055139
B9: S (ft^2) | C9: ='ACT 3'!J4 -> 126.521 | F9: =F8+10 -> 80 | G9: =($C$8*2/((0.002377)*($C$9)*((F9*22)/15)^2)) -> 0.79667729 | H9: =$C$12+($C$13*G9^2) -> 0.0781254 | I9: =$C$8*(H9/G9) -> 161.73234 | J9: =(I9*F9)/375 -> 34.5029 | L9: =F9/SQRT($C$24) -> 86.184322 | M9: =J9/SQRT($C$24) -> 37.170113 | N9: =F9/SQRT($C$25) -> 93.097523 | O9: =J9/SQRT($C$25) -> 40.151681 | P9: =F9/SQRT($C$26) -> 100.85737 | Q9: =J9/SQRT($C$26) -> 43.498398 | R9: =F9/SQRT($C$27) -> 109.60624 | S9: =J9/SQRT($C$27) -> 47.271663
B10: CL MAX | C10: 1.54 | F10: =F9+10 -> 90 | G10: =($C$8*2/((0.002377)*($C$9)*((F10*22)/15)^2)) -> 0.62947341 | H10: =$C$12+($C$13*G10^2) -> 0.063175478 | I10: =$C$8*(H10/G10) -> 165.52295 | J10: =(I10*F10)/375 -> 39.725507 | L10: =F10/SQRT($C$24) -> 96.957362 | M10: =J10/SQRT($C$24) -> 42.796448 | N10: =F10/SQRT($C$25) -> 104.73471 | O10: =J10/SQRT($C$25) -> 46.229329 | P10: =F10/SQRT($C$26) -> 113.46455 | Q10: =J10/SQRT($C$26) -> 50.082629 | R10: =F10/SQRT($C$27) -> 123.30702 | S10: =J10/SQRT($C$27) -> 54.427042
B11: CD (clean) | F11: =F10+10 -> 100 | G11: =($C$8*2/((0.002377)*($C$9)*((F11*22)/15)^2)) -> 0.50987346 | H11: =$C$12+($C$13*G11^2) -> 0.054632405 | I11: =$C$8*(H11/G11) -> 176.71563 | J11: =(I11*F11)/375 -> 47.124169 | L11: =F11/SQRT($C$24) -> 107.7304 | M11: =J11/SQRT($C$24) -> 50.767057 | N11: =F11/SQRT($C$25) -> 116.3719 | O11: =J11/SQRT($C$25) -> 54.839293 | P11: =F11/SQRT($C$26) -> 126.07172 | Q11: =J11/SQRT($C$26) -> 59.410249 | R11: =F11/SQRT($C$27) -> 137.0078 | S11: =J11/SQRT($C$27) -> 64.563786
B12: Cdo | C12: ='ACT 9'!P31 -> 0.038333743 | F12: =F11+10 -> 110 | G12: =($C$8*2/((0.002377)*($C$9)*((F12*22)/15)^2)) -> 0.42138303 | H12: =$C$12+($C$13*G12^2) -> 0.049465949 | I12: =$C$8*(H12/G12) -> 193.60491 | J12: =(I12*F12)/375 -> 56.790773 | L12: =F12/SQRT($C$24) -> 118.50344 | M12: =J12/SQRT($C$24) -> 61.180928 | N12: =F12/SQRT($C$25) -> 128.00909 | O12: =J12/SQRT($C$25) -> 66.088504 | P12: =F12/SQRT($C$26) -> 138.67889 | Q12: =J12/SQRT($C$26) -> 71.597103 | R12: =F12/SQRT($C$27) -> 150.70858 | S12: =J12/SQRT($C$27) -> 77.807787
B13: Cdi | C13: ='ACT 9'!P32 -> 0.06269417 | D13: CL^2 | F13: =F12+10 -> 120 | G13: =($C$8*2/((0.002377)*($C$9)*((F13*22)/15)^2)) -> 0.35407879 | H13: =$C$12+($C$13*G13^2) -> 0.046193823 | I13: =$C$8*(H13/G13) -> 215.16471 | J13: =(I13*F13)/375 -> 68.852708 | L13: =F13/SQRT($C$24) -> 129.27648 | M13: =J13/SQRT($C$24) -> 74.175299 | N13: =F13/SQRT($C$25) -> 139.64629 | O13: =J13/SQRT($C$25) -> 80.125207 | P13: =F13/SQRT($C$26) -> 151.28606 | Q13: =J13/SQRT($C$26) -> 86.803791 | R13: =F13/SQRT($C$27) -> 164.40936 | S13: =J13/SQRT($C$27) -> 94.333579
F14: =F13+10 -> 130 | G14: =($C$8*2/((0.002377)*($C$9)*((F14*22)/15)^2)) -> 0.30170027 | H14: =$C$12+($C$13*G14^2) -> 0.044040357 | I14: =$C$8*(H14/G14) -> 240.74772 | J14: =(I14*F14)/375 -> 83.459211 | L14: =F14/SQRT($C$24) -> 140.04952 | M14: =J14/SQRT($C$24) -> 89.910943 | N14: =F14/SQRT($C$25) -> 151.28348 | O14: =J14/SQRT($C$25) -> 97.123073 | P14: =F14/SQRT($C$26) -> 163.89323 | Q14: =J14/SQRT($C$26) -> 105.21846 | R14: =F14/SQRT($C$27) -> 178.11014 | S14: =J14/SQRT($C$27) -> 114.34563
F15: =F14+10 -> 140 | G15: =($C$8*2/((0.002377)*($C$9)*((F15*22)/15)^2)) -> 0.26013952 | H15: =$C$12+($C$13*G15^2) -> 0.042576418 | I15: =$C$8*(H15/G15) -> 269.92918 | J15: =(I15*F15)/375 -> 100.77356 | L15: =F15/SQRT($C$24) -> 150.82256 | M15: =J15/SQRT($C$24) -> 108.56376 | N15: =F15/SQRT($C$25) -> 162.92067 | O15: =J15/SQRT($C$25) -> 117.27211 | P15: =F15/SQRT($C$26) -> 176.5004 | Q15: =J15/SQRT($C$26) -> 127.04696 | R15: =F15/SQRT($C$27) -> 191.81092 | S15: =J15/SQRT($C$27) -> 138.06764
B16: VMIN (mph) | C16: =SQRT((C8/C9)*(2/0.002377)*(1/C10))*(15/22) -> 57.540131 | D16: =SQRT((C8/C9)*(2/0.002377)*(1/C10)) -> 84.392192 | F16: =F15+10 -> 150 | G16: =($C$8*2/((0.002377)*($C$9)*((F16*22)/15)^2)) -> 0.22661043 | H16: =$C$12+($C$13*G16^2) -> 0.041553232 | I16: =$C$8*(H16/G16) -> 302.42102 | J16: =(I16*F16)/375 -> 120.96841 | L16: =F16/SQRT($C$24) -> 161.5956 | M16: =J16/SQRT($C$24) -> 130.31975 | N16: =F16/SQRT($C$25) -> 174.55786 | O16: =J16/SQRT($C$25) -> 140.77324 | P16: =F16/SQRT($C$26) -> 189.10758 | Q16: =J16/SQRT($C$26) -> 152.50695 | R16: =F16/SQRT($C$27) -> 205.5117 | S16: =J16/SQRT($C$27) -> 165.73615
B17: Therefore: Assumptions start at | F17: =F16+10 -> 160 | G17: =($C$8*2/((0.002377)*($C$9)*((F17*22)/15)^2)) -> 0.19916932 | H17: =$C$12+($C$13*G17^2) -> 0.040820721 | I17: =$C$8*(H17/G17) -> 338.02225 | J17: =(I17*F17)/375 -> 144.22283 | L17: =F17/SQRT($C$24) -> 172.36864 | M17: =J17/SQRT($C$24) -> 155.37183 | N17: =F17/SQRT($C$25) -> 186.19505 | O17: =J17/SQRT($C$25) -> 167.83485 | P17: =F17/SQRT($C$26) -> 201.71475 | Q17: =J17/SQRT($C$26) -> 181.82419 | R17: =F17/SQRT($C$27) -> 219.21248 | S17: =J17/SQRT($C$27) -> 197.59652
B18: Vo (mph) | C18: =ROUND(C16, -1) -> 60 | F18: =F17+10 -> 170 | G18: =($C$8*2/((0.002377)*($C$9)*((F18*22)/15)^2)) -> 0.1764268 | H18: =$C$12+($C$13*G18^2) -> 0.040285187 | I18: =$C$8*(H18/G18) -> 376.58922 | J18: =(I18*F18)/375 -> 170.72044 | L18: =F18/SQRT($C$24) -> 183.14168 | M18: =J18/SQRT($C$24) -> 183.91782 | N18: =F18/SQRT($C$25) -> 197.83224 | O18: =J18/SQRT($C$25) -> 198.67063 | P18: =F18/SQRT($C$26) -> 214.32192 | Q18: =J18/SQRT($C$26) -> 215.2302 | R18: =F18/SQRT($C$27) -> 232.91326 | S18: =J18/SQRT($C$27) -> 233.90032
F19: =F18+10 -> 180 | G19: =($C$8*2/((0.002377)*($C$9)*((F19*22)/15)^2)) -> 0.15736835 | H19: =$C$12+($C$13*G19^2) -> 0.039886351 | I19: =$C$8*(H19/G19) -> 418.01702 | J19: =(I19*F19)/375 -> 200.64817 | L19: =F19/SQRT($C$24) -> 193.91472 | M19: =J19/SQRT($C$24) -> 216.15908 | N19: =F19/SQRT($C$25) -> 209.46943 | O19: =J19/SQRT($C$25) -> 233.4981 | P19: =F19/SQRT($C$26) -> 226.92909 | Q19: =J19/SQRT($C$26) -> 252.96059 | R19: =F19/SQRT($C$27) -> 246.61404 | S19: =J19/SQRT($C$27) -> 274.90364
F20: =F19+10 -> 190 | G20: =($C$8*2/((0.002377)*($C$9)*((F20*22)/15)^2)) -> 0.14123919 | H20: =$C$12+($C$13*G20^2) -> 0.039584398 | I20: =$C$8*(H20/G20) -> 462.22762 | J20: =(I20*F20)/375 -> 234.19533 | L20: =F20/SQRT($C$24) -> 204.68776 | M20: =J20/SQRT($C$24) -> 252.29957 | N20: =F20/SQRT($C$25) -> 221.10662 | O20: =J20/SQRT($C$25) -> 272.53756 | P20: =F20/SQRT($C$26) -> 239.53626 | Q20: =J20/SQRT($C$26) -> 295.25407 | R20: =F20/SQRT($C$27) -> 260.31482 | S20: =J20/SQRT($C$27) -> 320.86586
B21: ALTITUDE, h | C21: DENSITY RATIO, σ | F21: =F20+10 -> 200 | G21: =($C$8*2/((0.002377)*($C$9)*((F21*22)/15)^2)) -> 0.12746837 | H21: =$C$12+($C$13*G21^2) -> 0.039352409 | I21: =$C$8*(H21/G21) -> 509.16197 | J21: =(I21*F21)/375 -> 271.55305 | L21: =F21/SQRT($C$24) -> 215.4608 | M21: =J21/SQRT($C$24) -> 292.5452 | N21: =F21/SQRT($C$25) -> 232.74381 | O21: =J21/SQRT($C$25) -> 316.01146 | P21: =F21/SQRT($C$26) -> 252.14344 | Q21: =J21/SQRT($C$26) -> 342.3516 | R21: =F21/SQRT($C$27) -> 274.0156 | S21: =J21/SQRT($C$27) -> 372.04886
B22: ft | C22: —
B23: SEA LEVEL | C23: =(1+((-0.003566)*(0)/(519)))^4.26 -> 1
B24: 5000 | C24: =(1+((-0.003566)*(B24)/(519)))^4.26 -> 0.86163521
B25: 10000 | C25: =(1+((-0.003566)*(B25)/(519)))^4.26 -> 0.73842045
B26: 15000 | C26: =(1+((-0.003566)*(B26)/(519)))^4.26 -> 0.62916515
B27: 20000 | C27: =(1+((-0.003566)*(B27)/(519)))^4.26 -> 0.53273279

Sheet ACT 11
G1: ACT 11
C3: changeable | F3: ① | G3: ② | H3: ③ | I3: ④ | J3: ⑤ | M3: ① | N3: ② | O3: ③ | P3: ④ | Q3: ⑤ | R3: ⑥ | S3: ⑦ | T3: ⑧ | U3: ⑨ | V3: ⑩ | X3: ⑪ | Y3: ⑫ | Z3: ⑬ | AA3: ⑭ | AB3: ⑮ | AC3: ⑯ | AD3: ⑰ | AE3: ⑱
C4: cant touch this | F4: SEA LEVEL | M4: SEA LEVEL | X4: h = 5,000 ft | Y4: SEA LEVEL | Z4: h = 5,000 ft
F5: Vo | G5: CL | H5: CD | I5: TREQo | J5: THPREQDo | M5: V | N5: % Design | O5: % Design | P5: N | Q5: BHP | R5: V/ND | S5: % Design | T5: % Design | V5: THPAV | X5: N | Y5: BHB at Reduced N | Z5: BHP | AA5: V/ND | AB5: % Design | AC5: % Design | AE5: THPAV
F6: mph | G6: — | H6: — | I6: lb | J6: hp | N6: V | O6: N | S6: V/ND | AB6: V/ND
B7: Given: | C7: Values | F7: =C18 -> 60 | G7: =($C$8*2/((0.002377)*($C$9)*((F7*22)/15)^2)) -> 1.4163152 | H7: =$C$12+($C$13*G7^2) -> 0.16409503 | I7: =$C$8*(H7/G7) -> 191.08323 | J7: =(I7*F7)/375 -> 30.573317 | M7: mph | N7: % | O7: % | P7: rpm | Q7: hp | R7: - | S7: % | T7: % | U7: % | V7: hp | X7: rpm | Y7: hp | Z7: hp | AA7: - | AB7: % | AC7: % | AD7: % | AE7: hp
B8: W (lbs) | C8: ='ACT 3'!F2 -> 1649.2521 | F8: =F7+10 -> 70 | G8: =($C$8*2/((0.002377)*($C$9)*((F8*22)/15)^2)) -> 1.0405581 | H8: =$C$12+($C$13*G8^2) -> 0.10621655 | I8: =$C$8*(H8/G8) -> 168.34993 | J8: =(I8*F8)/375 -> 31.42532 | M8: 60 | N8: =(M8/$P$34)*100 -> 43.443841 | O8: 86.12 | P8: =(O8/100)*($C$34) -> 2196.06 | Q8: =(O8/100)*($C$32) -> 107.65 | R8: =(M8*88)/(P8*$P$37) -> 0.3652269 | S8: =(R8/$C$37)*100 -> 50.445705 | T8: 60.53 | U8: =(T8)*($C$31) -> 47.2134 | V8: =Q8*(U8/100) -> 50.825225 | X8: =P8*0.995 -> 2185.0797 | Y8: =(($C$32)*X8)/($C$34) -> 107.11175 | Z8: =Y8*0.82 -> 87.831635 | AA8: =(M8*88)/(X8*$P$37) -> 0.36706221 | AB8: =(AA8/$C$37)*100 -> 50.699201 | AC8: 60.89 | AD8: =AC8*$C$31 -> 47.4942 | AE8: =(Z8*AD8)/100 -> 41.714932
B9: S (ft^2) | C9: ='ACT 3'!J4 -> 126.521 | F9: =F8+10 -> 80 | G9: =($C$8*2/((0.002377)*($C$9)*((F9*22)/15)^2)) -> 0.79667729 | H9: =$C$12+($C$13*G9^2) -> 0.0781254 | I9: =$C$8*(H9/G9) -> 161.73234 | J9: =(I9*F9)/375 -> 34.5029 | M9: 70 | N9: =(M9/$P$34)*100 -> 50.684481 | O9: 86.89 | P9: =(O9/100)*($C$34) -> 2215.695 | Q9: =(O9/100)*($C$32) -> 108.6125 | R9: =(M9*88)/(P9*$P$37) -> 0.42232206 | S9: =(R9/$C$37)*100 -> 58.331777 | T9: 68.42 | U9: =(T9)*($C$31) -> 53.3676 | V9: =Q9*(U9/100) -> 57.963885 | X9: =P9*0.995 -> 2204.6165 | Y9: =(($C$32)*X9)/($C$34) -> 108.06944 | Z9: =Y9*0.82 -> 88.616939 | AA9: =(M9*88)/(X9*$P$37) -> 0.42444429 | AB9: =(AA9/$C$37)*100 -> 58.624901 | AC9: 69.12 | AD9: =AC9*$C$31 -> 53.9136 | AE9: =(Z9*AD9)/100 -> 47.776582
B10: CL MAX | C10: 1.54 | F10: =F9+10 -> 90 | G10: =($C$8*2/((0.002377)*($C$9)*((F10*22)/15)^2)) -> 0.62947341 | H10: =$C$12+($C$13*G10^2) -> 0.063175478 | I10: =$C$8*(H10/G10) -> 165.52295 | J10: =(I10*F10)/375 -> 39.725507 | M10: 80 | N10: =(M10/$P$34)*100 -> 57.925121 | O10: 87.3 | P10: =(O10/100)*($C$34) -> 2226.15 | Q10: =(O10/100)*($C$32) -> 109.125 | R10: =(M10*88)/(P10*$P$37) -> 0.48038703 | S10: =(R10/$C$37)*100 -> 66.3518 | T10: 77.12 | U10: =(T10)*($C$31) -> 60.1536 | V10: =Q10*(U10/100) -> 65.642616 | X10: =P10*0.995 -> 2215.0193 | Y10: =(($C$32)*X10)/($C$34) -> 108.57938 | Z10: =Y10*0.82 -> 89.035088 | AA10: =(M10*88)/(X10*$P$37) -> 0.48280103 | AB10: =(AA10/$C$37)*100 -> 66.685226 | AC10: 77.89 | AD10: =AC10*$C$31 -> 60.7542 | AE10: =(Z10*AD10)/100 -> 54.092555
B11: CD (clean) | F11: =F10+10 -> 100 | G11: =($C$8*2/((0.002377)*($C$9)*((F11*22)/15)^2)) -> 0.50987346 | H11: =$C$12+($C$13*G11^2) -> 0.054632405 | I11: =$C$8*(H11/G11) -> 176.71563 | J11: =(I11*F11)/375 -> 47.124169 | M11: 90 | N11: =(M11/$P$34)*100 -> 65.165761 | O11: 88.1 | P11: =(O11/100)*($C$34) -> 2246.55 | Q11: =(O11/100)*($C$32) -> 110.125 | R11: =(M11*88)/(P11*$P$37) -> 0.53552793 | S11: =(R11/$C$37)*100 -> 73.967947 | T11: 84.43 | U11: =(T11)*($C$31) -> 65.8554 | V11: =Q11*(U11/100) -> 72.523259 | X11: =P11*0.995 -> 2235.3172 | Y11: =(($C$32)*X11)/($C$34) -> 109.57437 | Z11: =Y11*0.82 -> 89.850987 | AA11: =(M11*88)/(X11*$P$37) -> 0.53821903 | AB11: =(AA11/$C$37)*100 -> 74.339645 | AC11: 84.86 | AD11: =AC11*$C$31 -> 66.1908 | AE11: =(Z11*AD11)/100 -> 59.473087
B12: Cdo | C12: ='ACT 9'!P31 -> 0.038333743 | F12: =F11+10 -> 110 | G12: =($C$8*2/((0.002377)*($C$9)*((F12*22)/15)^2)) -> 0.42138303 | H12: =$C$12+($C$13*G12^2) -> 0.049465949 | I12: =$C$8*(H12/G12) -> 193.60491 | J12: =(I12*F12)/375 -> 56.790773 | M12: 100 | N12: =(M12/$P$34)*100 -> 72.406401 | O12: 90.1 | P12: =(O12/100)*($C$34) -> 2297.55 | Q12: =(O12/100)*($C$32) -> 112.625 | R12: =(M12*88)/(P12*$P$37) -> 0.5818228 | S12: =(R12/$C$37)*100 -> 80.362266 | T12: 91.02 | U12: =(T12)*($C$31) -> 70.9956 | V12: =Q12*(U12/100) -> 79.958794 | X12: =P12*0.995 -> 2286.0622 | Y12: =(($C$32)*X12)/($C$34) -> 112.06187 | Z12: =Y12*0.82 -> 91.890737 | AA12: =(M12*88)/(X12*$P$37) -> 0.58474654 | AB12: =(AA12/$C$37)*100 -> 80.766096 | AC12: 90.23 | AD12: =AC12*$C$31 -> 70.3794 | AE12: =(Z12*AD12)/100 -> 64.67215
B13: Cdi | C13: ='ACT 9'!P32 -> 0.06269417 | D13: CL^2 | F13: =F12+10 -> 120 | G13: =($C$8*2/((0.002377)*($C$9)*((F13*22)/15)^2)) -> 0.35407879 | H13: =$C$12+($C$13*G13^2) -> 0.046193823 | I13: =$C$8*(H13/G13) -> 215.16471 | J13: =(I13*F13)/375 -> 68.852708 | M13: 110 | N13: =(M13/$P$34)*100 -> 79.647041 | O13: 93.12 | P13: =(O13/100)*($C$34) -> 2374.56 | Q13: =(O13/100)*($C$32) -> 116.4 | R13: =(M13*88)/(P13*$P$37) -> 0.6192489 | S13: =(R13/$C$37)*100 -> 85.531617 | T13: 94.98 | U13: =(T13)*($C$31) -> 74.0844 | V13: =Q13*(U13/100) -> 86.234242 | X13: =P13*0.995 -> 2362.6872 | Y13: =(($C$32)*X13)/($C$34) -> 115.818 | Z13: =Y13*0.82 -> 94.97076 | AA13: =(M13*88)/(X13*$P$37) -> 0.62236071 | AB13: =(AA13/$C$37)*100 -> 85.961424 | AC13: 94.76 | AD13: =AC13*$C$31 -> 73.9128 | AE13: =(Z13*AD13)/100 -> 70.195548
F14: =F13+10 -> 130 | G14: =($C$8*2/((0.002377)*($C$9)*((F14*22)/15)^2)) -> 0.30170027 | H14: =$C$12+($C$13*G14^2) -> 0.044040357 | I14: =$C$8*(H14/G14) -> 240.74772 | J14: =(I14*F14)/375 -> 83.459211 | M14: 120 | N14: =(M14/$P$34)*100 -> 86.887682 | O14: 94.94 | P14: =(O14/100)*($C$34) -> 2420.97 | Q14: =(O14/100)*($C$32) -> 118.675 | R14: =(M14*88)/(P14*$P$37) -> 0.66259407 | S14: =(R14/$C$37)*100 -> 91.518519 | T14: 97.91 | U14: =(T14)*($C$31) -> 76.3698 | V14: =Q14*(U14/100) -> 90.63186 | X14: =P14*0.995 -> 2408.8652 | Y14: =(($C$32)*X14)/($C$34) -> 118.08163 | Z14: =Y14*0.82 -> 96.826932 | AA14: =(M14*88)/(X14*$P$37) -> 0.66592369 | AB14: =(AA14/$C$37)*100 -> 91.978411 | AC14: 98.12 | AD14: =AC14*$C$31 -> 76.5336 | AE14: =(Z14*AD14)/100 -> 74.105137
F15: =F14+10 -> 140 | G15: =($C$8*2/((0.002377)*($C$9)*((F15*22)/15)^2)) -> 0.26013952 | H15: =$C$12+($C$13*G15^2) -> 0.042576418 | I15: =$C$8*(H15/G15) -> 269.92918 | J15: =(I15*F15)/375 -> 100.77356 | M15: 130 | N15: =(M15/$P$34)*100 -> 94.128322 | O15: 97.31 | P15: =(O15/100)*($C$34) -> 2481.405 | Q15: =(O15/100)*($C$32) -> 121.6375 | R15: =(M15*88)/(P15*$P$37) -> 0.70032787 | S15: =(R15/$C$37)*100 -> 96.730369 | T15: 99.57 | U15: =(T15)*($C$31) -> 77.6646 | V15: =Q15*(U15/100) -> 94.469278 | X15: =P15*0.995 -> 2468.998 | Y15: =(($C$32)*X15)/($C$34) -> 121.02931 | Z15: =Y15*0.82 -> 99.244036 | AA15: =(M15*88)/(X15*$P$37) -> 0.7038471 | AB15: =(AA15/$C$37)*100 -> 97.216451 | AC15: 99.94 | AD15: =AC15*$C$31 -> 77.9532 | AE15: =(Z15*AD15)/100 -> 77.363902
B16: VMIN (mph) | C16: =SQRT((C8/C9)*(2/0.002377)*(1/C10))*(15/22) -> 57.540131 | D16: =SQRT((C8/C9)*(2/0.002377)*(1/C10)) -> 84.392192 | F16: =F15+10 -> 150 | G16: =($C$8*2/((0.002377)*($C$9)*((F16*22)/15)^2)) -> 0.22661043 | H16: =$C$12+($C$13*G16^2) -> 0.041553232 | I16: =$C$8*(H16/G16) -> 302.42102 | J16: =(I16*F16)/375 -> 120.96841 | M16: 140 | N16: =(M16/$P$34)*100 -> 101.36896 | O16: 100.21 | P16: =(O16/100)*($C$34) -> 2555.355 | Q16: =(O16/100)*($C$32) -> 125.2625 | R16: =(M16*88)/(P16*$P$37) -> 0.7323733 | S16: =(R16/$C$37)*100 -> 101.15653 | T16: 99.54 | U16: =(T16)*($C$31) -> 77.6412 | V16: =Q16*(U16/100) -> 97.255308 | X16: =P16*0.995 -> 2542.5782 | Y16: =(($C$32)*X16)/($C$34) -> 124.63619 | Z16: =Y16*0.82 -> 102.20167 | AA16: =(M16*88)/(X16*$P$37) -> 0.73605357 | AB16: =(AA16/$C$37)*100 -> 101.66486 | AC16: 99.98 | AD16: =AC16*$C$31 -> 77.9844 | AE16: =(Z16*AD16)/100 -> 79.701362
B17: Therefore: Assumptions start at | F17: =F16+10 -> 160 | G17: =($C$8*2/((0.002377)*($C$9)*((F17*22)/15)^2)) -> 0.19916932 | H17: =$C$12+($C$13*G17^2) -> 0.040820721 | I17: =$C$8*(H17/G17) -> 338.02225 | J17: =(I17*F17)/375 -> 144.22283 | M17: 150 | N17: =(M17/$P$34)*100 -> 108.6096 | O17: 103.87 | P17: =(O17/100)*($C$34) -> 2648.685 | Q17: =(O17/100)*($C$32) -> 129.8375 | R17: =(M17*88)/(P17*$P$37) -> 0.75703622 | S17: =(R17/$C$37)*100 -> 104.56301 | T17: 98.1 | U17: =(T17)*($C$31) -> 76.518 | V17: =Q17*(U17/100) -> 99.349058 | X17: =P17*0.995 -> 2635.4416 | Y17: =(($C$32)*X17)/($C$34) -> 129.18831 | Z17: =Y17*0.82 -> 105.93442 | AA17: =(M17*88)/(X17*$P$37) -> 0.76084042 | AB17: =(AA17/$C$37)*100 -> 105.08846 | AC17: 98.65 | AD17: =AC17*$C$31 -> 76.947 | AE17: =(Z17*AD17)/100 -> 81.513355
B18: Vo (mph) | C18: =ROUND(C16, -1) -> 60 | F18: =F17+10 -> 170 | G18: =($C$8*2/((0.002377)*($C$9)*((F18*22)/15)^2)) -> 0.1764268 | H18: =$C$12+($C$13*G18^2) -> 0.040285187 | I18: =$C$8*(H18/G18) -> 376.58922 | J18: =(I18*F18)/375 -> 170.72044 | M18: 160 | N18: =(M18/$P$34)*100 -> 115.85024 | O18: 106.83 | P18: =(O18/100)*($C$34) -> 2724.165 | Q18: =(O18/100)*($C$32) -> 133.5375 | R18: =(M18*88)/(P18*$P$37) -> 0.78513129 | S18: =(R18/$C$37)*100 -> 108.44355 | T18: 97.31 | U18: =(T18)*($C$31) -> 75.9018 | V18: =Q18*(U18/100) -> 101.35737 | X18: =P18*0.995 -> 2710.5442 | Y18: =(($C$32)*X18)/($C$34) -> 132.86981 | Z18: =Y18*0.82 -> 108.95325 | AA18: =(M18*88)/(X18*$P$37) -> 0.78907667 | AB18: =(AA18/$C$37)*100 -> 108.98849 | AC18: 97.15 | AD18: =AC18*$C$31 -> 75.777 | AE18: =(Z18*AD18)/100 -> 82.561501
F19: =F18+10 -> 180 | G19: =($C$8*2/((0.002377)*($C$9)*((F19*22)/15)^2)) -> 0.15736835 | H19: =$C$12+($C$13*G19^2) -> 0.039886351 | I19: =$C$8*(H19/G19) -> 418.01702 | J19: =(I19*F19)/375 -> 200.64817 | M19: 170 | N19: =(M19/$P$34)*100 -> 123.09088 | O19: 111.06 | P19: =(O19/100)*($C$34) -> 2832.03 | Q19: =(O19/100)*($C$32) -> 138.825 | R19: =(M19*88)/(P19*$P$37) -> 0.80242931 | S19: =(R19/$C$37)*100 -> 110.83278 | T19: 95.16 | U19: =(T19)*($C$31) -> 74.2248 | V19: =Q19*(U19/100) -> 103.04258 | X19: =P19*0.995 -> 2817.8699 | Y19: =(($C$32)*X19)/($C$34) -> 138.13088 | Z19: =Y19*0.82 -> 113.26732 | AA19: =(M19*88)/(X19*$P$37) -> 0.80646161 | AB19: =(AA19/$C$37)*100 -> 111.38973 | AC19: 94.8 | AD19: =AC19*$C$31 -> 73.944 | AE19: =(Z19*AD19)/100 -> 83.754385
F20: =F19+10 -> 190 | G20: =($C$8*2/((0.002377)*($C$9)*((F20*22)/15)^2)) -> 0.14123919 | H20: =$C$12+($C$13*G20^2) -> 0.039584398 | I20: =$C$8*(H20/G20) -> 462.22762 | J20: =(I20*F20)/375 -> 234.19533 | M20: 180 | N20: =(M20/$P$34)*100 -> 130.33152 | O20: 114.97 | P20: =(O20/100)*($C$34) -> 2931.735 | Q20: =(O20/100)*($C$32) -> 143.7125 | R20: =(M20*88)/(P20*$P$37) -> 0.82073604 | S20: =(R20/$C$37)*100 -> 113.36133 | T20: 93.09 | U20: =(T20)*($C$31) -> 72.6102 | V20: =Q20*(U20/100) -> 104.34993 | X20: =P20*0.995 -> 2917.0763 | Y20: =(($C$32)*X20)/($C$34) -> 142.99394 | Z20: =Y20*0.82 -> 117.25503 | AA20: =(M20*88)/(X20*$P$37) -> 0.82486034 | AB20: =(AA20/$C$37)*100 -> 113.93099 | AC20: 93.12 | AD20: =AC20*$C$31 -> 72.6336 | AE20: =(Z20*AD20)/100 -> 85.166549
F21: =F20+10 -> 200 | G21: =($C$8*2/((0.002377)*($C$9)*((F21*22)/15)^2)) -> 0.12746837 | H21: =$C$12+($C$13*G21^2) -> 0.039352409 | I21: =$C$8*(H21/G21) -> 509.16197 | J21: =(I21*F21)/375 -> 271.55305 | M21: 190 | N21: =(M21/$P$34)*100 -> 137.57216 | O21: 118.81 | P21: =(O21/100)*($C$34) -> 3029.655 | Q21: =(O21/100)*($C$32) -> 148.5125 | R21: =(M21*88)/(P21*$P$37) -> 0.83833217 | S21: =(R21/$C$37)*100 -> 115.79174 | T21: 90.84 | U21: =(T21)*($C$31) -> 70.8552 | V21: =Q21*(U21/100) -> 105.22883 | X21: =P21*0.995 -> 3014.5067 | Y21: =(($C$32)*X21)/($C$34) -> 147.76994 | Z21: =Y21*0.82 -> 121.17135 | AA21: =(M21*88)/(X21*$P$37) -> 0.8425449 | AB21: =(AA21/$C$37)*100 -> 116.3736 | AC21: 90.98 | AD21: =AC21*$C$31 -> 70.9644 | AE21: =(Z21*AD21)/100 -> 85.988521
B22: ALTITUDE, h | C22: DENSITY RATIO, σ | M22: 200 | N22: =(M22/$P$34)*100 -> 144.8128 | O22: 122.16 | P22: =(O22/100)*($C$34) -> 3115.08 | Q22: =(O22/100)*($C$32) -> 152.7 | R22: =(M22*88)/(P22*$P$37) -> 0.85825531 | S22: =(R22/$C$37)*100 -> 118.54355 | T22: 88.2 | U22: =(T22)*($C$31) -> 68.796 | V22: =Q22*(U22/100) -> 105.05149 | X22: =P22*0.995 -> 3099.5046 | Y22: =(($C$32)*X22)/($C$34) -> 151.9365 | Z22: =Y22*0.82 -> 124.58793 | AA22: =(M22*88)/(X22*$P$37) -> 0.86256815 | AB22: =(AA22/$C$37)*100 -> 119.13925 | AC22: 88.43 | AD22: =AC22*$C$31 -> 68.9754 | AE22: =(Z22*AD22)/100 -> 85.935023
B23: ft | C23: —
B24: SEA LEVEL | C24: =(1+((-0.003566)*(0)/(519)))^4.26 -> 1
B25: 5000 | C25: =(1+((-0.003566)*(B25)/(519)))^4.26 -> 0.86163521 | O25: THP reqd = THP av | Q25: =C32*C31 -> 97.5 | R25: hp | X25: 19 | Y25: 20 | Z25: 21 | AA25: 22 | AB25: 23 | AC25: 24 | AD25: 25 | AE25: 26
B26: 10000 | C26: =(1+((-0.003566)*(B26)/(519)))^4.26 -> 0.73842045 | X26: h = 10,000 ft | Y26: SEA LEVEL | Z26: h = 10,000 ft
B27: 15000 | C27: =(1+((-0.003566)*(B27)/(519)))^4.26 -> 0.62916515 | O27: VO | P27: THPREQD | X27: N | Y27: BHB at Reduced N | Z27: BHP | AA27: V/ND | AB27: % Design | AC27: % Design | AE27: THPAV
B28: 20000 | C28: =(1+((-0.003566)*(B28)/(519)))^4.26 -> 0.53273279 | O28: Mph | P28: hp | AB28: V/ND
O29: =F14 -> 130 | P29: =J14 -> 83.459211 | X29: rpm | Y29: hp | Z29: hp | AA29: - | AB29: % | AC29: % | AD29: % | AE29: hp
O30: VDES | P30: =Q25 -> 97.5 | X30: =P8*0.975 -> 2141.1585 | Y30: =($C$32*X30)/$C$34 -> 104.95875 | Z30: =Y30*0.67 -> 70.322363 | AA30: =(M8*88)/(X30*$P$37) -> 0.37459169 | AB30: =(AA30/$C$37)*100 -> 51.739184 | AC30: 61.53 | AD30: =AC30*$C$31 -> 47.9934 | AE30: =(Z30*AD30)/100 -> 33.750093
B31: η | C31: 0.78 | O31: =F15 -> 140 | P31: =J15 -> 100.77356 | X31: =P9*0.975 -> 2160.3026 | Y31: =($C$32*X31)/$C$34 -> 105.89719 | Z31: =Y31*0.67 -> 70.951116 | AA31: =(M9*88)/(X31*$P$37) -> 0.43315084 | AB31: =(AA31/$C$37)*100 -> 59.827463 | AC31: 70.93 | AD31: =AC31*$C$31 -> 55.3254 | AE31: =(Z31*AD31)/100 -> 39.253989
B32: BHP design | C32: ='ACT 3'!B20 -> 125 | D32: hp | E32: (assumed) | X32: =P10*0.975 -> 2170.4963 | Y32: =($C$32*X32)/$C$34 -> 106.39687 | Z32: =Y32*0.67 -> 71.285906 | AA32: =(M10*88)/(X32*$P$37) -> 0.49270464 | AB32: =(AA32/$C$37)*100 -> 68.053128 | AC32: 78.64 | AD32: =AC32*$C$31 -> 61.3392 | AE32: =(Z32*AD32)/100 -> 43.726205
C33: =C32*(550) -> 68750 | D33: lb-ft/sec | X33: =P11*0.975 -> 2190.3862 | Y33: =($C$32*X33)/$C$34 -> 107.37187 | Z33: =Y33*0.67 -> 71.939156 | AA33: =(M11*88)/(X33*$P$37) -> 0.54925942 | AB33: =(AA33/$C$37)*100 -> 75.864561 | AC33: 86.42 | AD33: =AC33*$C$31 -> 67.4076 | AE33: =(Z33*AD33)/100 -> 48.492459
B34: N design | C34: ='ACT 3'!B23 -> 2550 | D34: rpm | O34: V des | P34: =((P30-P29)/(P31-P29))*(O31-O29)+O29 -> 138.10934 | Q34: mph | X34: =P12*0.975 -> 2240.1112 | Y34: =($C$32*X34)/$C$34 -> 109.80937 | Z34: =Y34*0.67 -> 73.572281 | AA34: =(M12*88)/(X34*$P$37) -> 0.59674134 | AB34: =(AA34/$C$37)*100 -> 82.422836 | AC34: 92.22 | AD34: =AC34*$C$31 -> 71.9316 | AE34: =(Z34*AD34)/100 -> 52.921719
C35: =C34*(1/60) -> 42.5 | D35: rev/sec | P35: =P34*(22/15) -> 202.56036 | Q35: fps | X35: =P13*0.975 -> 2315.196 | Y35: =($C$32*X35)/$C$34 -> 113.49 | Z35: =Y35*0.67 -> 76.0383 | AA35: =(M13*88)/(X35*$P$37) -> 0.63512708 | AB35: =(AA35/$C$37)*100 -> 87.724735 | AC35: 95.97 | AD35: =AC35*$C$31 -> 74.8566 | AE35: =(Z35*AD35)/100 -> 56.919686
B36: ρ | C36: 0.002377 | D36: slug/ft^3 | O36: Cs | P36: =(((C36)*(P35^5))/((C35^2)*(C33)))^(1/5) -> 1.4552921 | X36: =P14*0.975 -> 2360.4458 | Y36: =($C$32*X36)/$C$34 -> 115.70813 | Z36: =Y36*0.67 -> 77.524444 | AA36: =(M14*88)/(X36*$P$37) -> 0.67958367 | AB36: =(AA36/$C$37)*100 -> 93.865147 | AC36: 98.48 | AD36: =AC36*$C$31 -> 76.8144 | AE36: =(Z36*AD36)/100 -> 59.549936
B37: J or V/ND | C37: 0.724 | O37: D | P37: =(P35)/(C35*C37) -> 6.5830471 | Q37: ft | X37: =P15*0.975 -> 2419.3699 | Y37: =($C$32*X37)/$C$34 -> 118.59656 | Z37: =Y37*0.67 -> 79.459697 | AA37: =(M15*88)/(X37*$P$37) -> 0.71828499 | AB37: =(AA37/$C$37)*100 -> 99.210634 | AC37: 99.94 | AD37: =AC37*$C$31 -> 77.9532 | AE37: =(Z37*AD37)/100 -> 61.941376
P38: =P37*0.3048 -> 2.0065128 | Q38: m | X38: =P16*0.975 -> 2491.4711 | Y38: =($C$32*X38)/$C$34 -> 122.13094 | Z38: =Y38*0.67 -> 81.827728 | AA38: =(M16*88)/(X38*$P$37) -> 0.7511521 | AB38: =(AA38/$C$37)*100 -> 103.75029 | AC38: 99.89 | AD38: =AC38*$C$31 -> 77.9142 | AE38: =(Z38*AD38)/100 -> 63.75542
X39: =P17*0.975 -> 2582.4679 | Y39: =($C$32*X39)/$C$34 -> 126.59156 | Z39: =Y39*0.67 -> 84.816347 | AA39: =(M17*88)/(X39*$P$37) -> 0.7764474 | AB39: =(AA39/$C$37)*100 -> 107.24412 | AC39: 97.68 | AD39: =AC39*$C$31 -> 76.1904 | AE39: =(Z39*AD39)/100 -> 64.621914
B40: ALTITUDE, h | C40: ALTITUDE FACTOR | X40: =P18*0.975 -> 2656.0609 | Y40: =($C$32*X40)/$C$34 -> 130.19906 | Z40: =Y40*0.67 -> 87.233372 | AA40: =(M18*88)/(X40*$P$37) -> 0.80526286 | AB40: =(AA40/$C$37)*100 -> 111.22415 | AC40: 96.54 | AD40: =AC40*$C$31 -> 75.3012 | AE40: =(Z40*AD40)/100 -> 65.687776
B41: ft | C41: Fig. 44b | D41: Fig. 55b | X41: =P19*0.975 -> 2761.2293 | Y41: =($C$32*X41)/$C$34 -> 135.35438 | Z41: =Y41*0.67 -> 90.687431 | AA41: =(M19*88)/(X41*$P$37) -> 0.82300442 | AB41: =(AA41/$C$37)*100 -> 113.67464 | AC41: 93.41 | AD41: =AC41*$C$31 -> 72.8598 | AE41: =(Z41*AD41)/100 -> 66.074681
B42: 5000 | C42: 0.8212 | D42: 0.9967 | X42: =P20*0.975 -> 2858.4416 | Y42: =($C$32*X42)/$C$34 -> 140.11969 | Z42: =Y42*0.67 -> 93.880191 | AA42: =(M20*88)/(X42*$P$37) -> 0.84178055 | AB42: =(AA42/$C$37)*100 -> 116.26803 | AC42: 91.26 | AD42: =AC42*$C$31 -> 71.1828 | AE42: =(Z42*AD42)/100 -> 66.826548
B43: 10000 | C43: 0.6687 | D43: 0.9831 | X43: =P21*0.975 -> 2953.9136 | Y43: =($C$32*X43)/$C$34 -> 144.79969 | Z43: =Y43*0.67 -> 97.015791 | AA43: =(M21*88)/(X43*$P$37) -> 0.85982787 | AB43: =(AA43/$C$37)*100 -> 118.76076 | AC43: 88.94 | AD43: =AC43*$C$31 -> 69.3732 | AE43: =(Z43*AD43)/100 -> 67.302958
B44: 15000 | C44: 0.5476 | D44: 0.9505 | X44: =P22*0.975 -> 3037.203 | Y44: =($C$32*X44)/$C$34 -> 148.8825 | Z44: =Y44*0.67 -> 99.751275 | AA44: =(M22*88)/(X44*$P$37) -> 0.88026186 | AB44: =(AA44/$C$37)*100 -> 121.58313 | AC44: 86.52 | AD44: =AC44*$C$31 -> 67.4856 | AE44: =(Z44*AD44)/100 -> 67.317746
B45: 20000 | C45: 0.4361 | D45: 0.8998
X46: 27 | Y46: 28 | Z46: 29 | AA46: 30 | AB46: 31 | AC46: 32 | AD46: 33 | AE46: 34
X47: h = 15,000 ft | Y47: SEA LEVEL | Z47: h = 15,000 ft
X48: N | Y48: BHB at Reduced N | Z48: BHP | AA48: V/ND | AB48: % Design | AC48: % Design | AE48: THPAV
AB49: V/ND
X50: rpm | Y50: hp | Z50: hp | AA50: - | AB50: % | AC50: % | AD50: % | AE50: hp
X51: =P8*0.95 -> 2086.257 | Y51: =($C$32*X51)/$C$34 -> 102.2675 | Z51: =Y51*0.49 -> 50.111075 | AA51: =(M8*88)/(X51*$P$37) -> 0.38444937 | AB51: =(AA51/$C$37)*100 -> 53.100742 | AC51: 62.94 | AD51: =AC51*$C$31 -> 49.0932 | AE51: =(Z51*AD51)/100 -> 24.60113
X52: =P9*0.95 -> 2104.9102 | Y52: =($C$32*X52)/$C$34 -> 103.18188 | Z52: =Y52*0.49 -> 50.559119 | AA52: =(M9*88)/(X52*$P$37) -> 0.44454954 | AB52: =(AA52/$C$37)*100 -> 61.40187 | AC52: 72.74 | AD52: =AC52*$C$31 -> 56.7372 | AE52: =(Z52*AD52)/100 -> 28.685828
X53: =P10*0.95 -> 2114.8425 | Y53: =($C$32*X53)/$C$34 -> 103.66875 | Z53: =Y53*0.49 -> 50.797688 | AA53: =(M10*88)/(X53*$P$37) -> 0.50567056 | AB53: =(AA53/$C$37)*100 -> 69.844 | AC53: 80.31 | AD53: =AC53*$C$31 -> 62.6418 | AE53: =(Z53*AD53)/100 -> 31.820586
X54: =P11*0.95 -> 2134.2225 | Y54: =($C$32*X54)/$C$34 -> 104.61875 | Z54: =Y54*0.49 -> 51.263188 | AA54: =(M11*88)/(X54*$P$37) -> 0.56371362 | AB54: =(AA54/$C$37)*100 -> 77.860997 | AC54: 87.79 | AD54: =AC54*$C$31 -> 68.4762 | AE54: =(Z54*AD54)/100 -> 35.103083
X55: =P12*0.95 -> 2182.6725 | Y55: =($C$32*X55)/$C$34 -> 106.99375 | Z55: =Y55*0.49 -> 52.426937 | AA55: =(M12*88)/(X55*$P$37) -> 0.61244506 | AB55: =(AA55/$C$37)*100 -> 84.591858 | AC55: 93.69 | AD55: =AC55*$C$31 -> 73.0782 | AE55: =(Z55*AD55)/100 -> 38.312662
X56: =P13*0.95 -> 2255.832 | Y56: =($C$32*X56)/$C$34 -> 110.58 | Z56: =Y56*0.49 -> 54.1842 | AA56: =(M13*88)/(X56*$P$37) -> 0.65184095 | AB56: =(AA56/$C$37)*100 -> 90.033281 | AC56: 96.43 | AD56: =AC56*$C$31 -> 75.2154 | AE56: =(Z56*AD56)/100 -> 40.754863
X57: =P14*0.95 -> 2299.9215 | Y57: =($C$32*X57)/$C$34 -> 112.74125 | Z57: =Y57*0.49 -> 55.243212 | AA57: =(M14*88)/(X57*$P$37) -> 0.69746745 | AB57: =(AA57/$C$37)*100 -> 96.335283 | AC57: 99.22 | AD57: =AC57*$C$31 -> 77.3916 | AE57: =(Z57*AD57)/100 -> 42.753606
X58: =P15*0.95 -> 2357.3347 | Y58: =($C$32*X58)/$C$34 -> 115.55563 | Z58: =Y58*0.49 -> 56.622256 | AA58: =(M15*88)/(X58*$P$37) -> 0.73718723 | AB58: =(AA58/$C$37)*100 -> 101.82144 | AC58: 99.94 | AD58: =AC58*$C$31 -> 77.9532 | AE58: =(Z58*AD58)/100 -> 44.138861
X59: =P16*0.95 -> 2427.5873 | Y59: =($C$32*X59)/$C$34 -> 118.99938 | Z59: =Y59*0.49 -> 58.309694 | AA59: =(M16*88)/(X59*$P$37) -> 0.77091926 | AB59: =(AA59/$C$37)*100 -> 106.48056 | AC59: 98.21 | AD59: =AC59*$C$31 -> 76.6038 | AE59: =(Z59*AD59)/100 -> 44.667441
X60: =P17*0.95 -> 2516.2507 | Y60: =($C$32*X60)/$C$34 -> 123.34562 | Z60: =Y60*0.49 -> 60.439356 | AA60: =(M17*88)/(X60*$P$37) -> 0.79688023 | AB60: =(AA60/$C$37)*100 -> 110.06633 | AC60: 96.1 | AD60: =AC60*$C$31 -> 74.958 | AE60: =(Z60*AD60)/100 -> 45.304133
X61: =P18*0.95 -> 2587.9567 | Y61: =($C$32*X61)/$C$34 -> 126.86062 | Z61: =Y61*0.49 -> 62.161706 | AA61: =(M18*88)/(X61*$P$37) -> 0.82645398 | AB61: =(AA61/$C$37)*100 -> 114.1511 | AC61: 94.13 | AD61: =AC61*$C$31 -> 73.4214 | AE61: =(Z61*AD61)/100 -> 45.639995
X62: =P19*0.95 -> 2690.4285 | Y62: =($C$32*X62)/$C$34 -> 131.88375 | Z62: =Y62*0.49 -> 64.623037 | AA62: =(M19*88)/(X62*$P$37) -> 0.84466243 | AB62: =(AA62/$C$37)*100 -> 116.66608 | AC62: 90.64 | AD62: =AC62*$C$31 -> 70.6992 | AE62: =(Z62*AD62)/100 -> 45.687971
... X65: =P22*0.95 -> 2959.326 | Y65: =($C$32*X65)/$C$34 -> 145.065 | Z65: =Y65*0.49 -> 71.08185 | AA65: =(M22*88)/(X65*$P$37) -> 0.90342665 | AB65: =(AA65/$C$37)*100 -> 124.78269 | AC65: 81.64 | AD65: =AC65*$C$31 -> 63.6792 | AE65: =(Z65*AD65)/100 -> 45.264353
X67: 35 | Y67: 36 | Z67: 37 | AA67: 38 | AB67: 39 | AC67: 40 | AD67: 41 | AE67: 42
X68: h = 20,000 ft | Y68: SEA LEVEL | Z68: h = 20,000 ft
X69: N | Y69: BHB at Reduced N | Z69: BHP | AA69: V/ND | AB69: % Design | AC69: % Design | AE69: THPAV
AB70: V/ND
X71: rpm | Y71: hp | Z71: hp | AA71: - | AB71: % | AC71: % | AD71: % | AE71: hp
X72: =P8*0.905 -> 1987.4343 | Y72: =($C$32*X72)/$C$34 -> 97.42325 | Z72: =Y72*0.44 -> 42.86623 | AA72: =(M8*88)/(X72*$P$37) -> 0.40356564 | AB72: =(AA72/$C$37)*100 -> 55.74111 | AC72: 66.06 | AD72: =AC72*$C$31 -> 51.5268 | AE72: =(Z72*AD72)/100 -> 22.087597
X73: =P9*0.905 -> 2005.204 | Y73: =($C$32*X73)/$C$34 -> 98.294313 | Z73: =Y73*0.44 -> 43.249498 | AA73: =(M9*88)/(X73*$P$37) -> 0.46665421 | AB73: =(AA73/$C$37)*100 -> 64.455002 | AC73: 75.98 | AD73: =AC73*$C$31 -> 59.2644 | AE73: =(Z73*AD73)/100 -> 25.631555
X74: =P10*0.905 -> 2014.6658 | Y74: =($C$32*X74)/$C$34 -> 98.758125 | Z74: =Y74*0.44 -> 43.453575 | AA74: =(M10*88)/(X74*$P$37) -> 0.5308144 | AB74: =(AA74/$C$37)*100 -> 73.316906 | AC74: 84.19 | AD74: =AC74*$C$31 -> 65.6682 | AE74: =(Z74*AD74)/100 -> 28.535181
X75: =P11*0.905 -> 2033.1277 | Y75: =($C$32*X75)/$C$34 -> 99.663125 | Z75: =Y75*0.44 -> 43.851775 | AA75: =(M11*88)/(X75*$P$37) -> 0.59174357 | AB75: =(AA75/$C$37)*100 -> 81.732538 | AC75: 91.03 | AD75: =AC75*$C$31 -> 71.0034 | AE75: =(Z75*AD75)/100 -> 31.136251
X76: =P12*0.905 -> 2079.2827 | Y76: =($C$32*X76)/$C$34 -> 101.92562 | Z76: =Y76*0.44 -> 44.847275 | AA76: =(M12*88)/(X76*$P$37) -> 0.64289812 | AB76: =(AA76/$C$37)*100 -> 88.798083 | AC76: 95.49 | AD76: =AC76*$C$31 -> 74.4822 | AE76: =(Z76*AD76)/100 -> 33.403237
X77: =P13*0.905 -> 2148.9768 | Y77: =($C$32*X77)/$C$34 -> 105.342 | Z77: =Y77*0.44 -> 46.35048 | AA77: =(M13*88)/(X77*$P$37) -> 0.68425293 | AB77: =(AA77/$C$37)*100 -> 94.510074 | AC77: 98.43 | AD77: =AC77*$C$31 -> 76.7754 | AE77: =(Z77*AD77)/100 -> 35.585766
X78: =P14*0.905 -> 2190.9779 | Y78: =($C$32*X78)/$C$34 -> 107.40087 | Z78: =Y78*0.44 -> 47.256385 | AA78: =(M14*88)/(X78*$P$37) -> 0.73214815 | AB78: =(AA78/$C$37)*100 -> 101.12543 | AC78: 99.5 | AD78: =AC78*$C$31 -> 77.61 | AE78: =(Z78*AD78)/100 -> 36.67568
X79: =P15*0.905 -> 2245.6715 | Y79: =($C$32*X79)/$C$34 -> 110.08194 | Z79: =Y79*0.44 -> 48.436053 | AA79: =(M15*88)/(X79*$P$37) -> 0.77384295 | AB79: =(AA79/$C$37)*100 -> 106.88439 | AC79: 97.47 | AD79: =AC79*$C$31 -> 76.0266 | AE79: =(Z79*AD79)/100 -> 36.824284
X80: =P16*0.905 -> 2312.5963 | Y80: =($C$32*X80)/$C$34 -> 113.36256 | Z80: =Y80*0.44 -> 49.879528 | AA80: =(M16*88)/(X80*$P$37) -> 0.80925226 | AB80: =(AA80/$C$37)*100 -> 111.77517 | AC80: 95.05 | AD80: =AC80*$C$31 -> 74.139 | AE80: =(Z80*AD80)/100 -> 36.980183
X81: =P17*0.905 -> 2397.0599 | Y81: =($C$32*X81)/$C$34 -> 117.50294 | Z81: =Y81*0.44 -> 51.701292 | AA81: =(M17*88)/(X81*$P$37) -> 0.83650411 | AB81: =(AA81/$C$37)*100 -> 115.53924 | AC81: 91.94 | AD81: =AC81*$C$31 -> 71.7132 | AE81: =(Z81*AD81)/100 -> 37.076651
X82: =P18*0.905 -> 2465.3693 | Y82: =($C$32*X82)/$C$34 -> 120.85144 | Z82: =Y82*0.44 -> 53.174633 | AA82: =(M18*88)/(X82*$P$37) -> 0.86754838 | AB82: =(AA82/$C$37)*100 -> 119.82712 | AC82: 88.4 | AD82: =AC82*$C$31 -> 68.952 | AE82: =(Z82*AD82)/100 -> 36.664973
X83: =P19*0.905 -> 2562.9872 | Y83: =($C$32*X83)/$C$34 -> 125.63663 | Z83: =Y83*0.44 -> 55.280115 | AA83: =(M19*88)/(X83*$P$37) -> 0.88666222 | AB83: =(AA83/$C$37)*100 -> 122.46716 | AC83: 84.31 | AD83: =AC83*$C$31 -> 65.7618 | AE83: =(Z83*AD83)/100 -> 36.353199
... X86: =P22*0.905 -> 2819.1474 | Y86: =($C$32*X86)/$C$34 -> 138.1935 | Z86: =Y86*0.44 -> 60.80514 | AA86: =(M22*88)/(X86*$P$37) -> 0.94834841 | AB86: =(AA86/$C$37)*100 -> 130.98735 | AC86: 67.9 | AD86: =AC86*$C$31 -> 52.962 | AE86: =(Z86*AD86)/100 -> 32.203618

Sheet ACT 12
K3: W | L3: ='ACT 3'!F2 -> 1649.2521 | M3: lbs | V3: Vmax
K6: SEA LEVEL | Q6: h = 5, 000 ft | W6: h = 10, 000 ft | AC6: h = 15, 000 ft | AI6: h = 20, 000 ft
K7: V | L7: THPREQD | M7: THPAV | N7: EHP | O7: R.C. | Q7: V | R7: THPREQD | S7: THPAV | T7: EHP | U7: R.C. | W7: V | X7: THPREQD | Y7: THPAV | Z7: EHP | AA7: R.C. | AC7: V | AD7: THPREQD | AE7: THPAV | AF7: EHP | AG7: R.C. | AI7: V | AJ7: THPREQD | AK7: THPAV | AL7: EHP | AM7: R.C.
K8: mph | L8: hp | M8: hp | N8: hp | O8: ft/min | Q8: mph | R8: hp | S8: hp | T8: hp | U8: ft/min | W8: mph | X8: hp | Y8: hp | Z8: hp | AA8: ft/min | AC8: mph | AD8: hp | AE8: hp | AF8: hp | AG8: ft/min | AI8: mph | AJ8: hp | AK8: hp | AL8: hp | AM8: ft/min
K9: 60 | L9: 30.573317 | M9: 50.825225 | N9: =M9-L9 -> 20.251908 | O9: =(N9/$L$3)*33000 -> 405.22183 | Q9: ='ACT 10'!L7 -> 64.638241 | R9: ='ACT 10'!M7 -> 32.936757 | S9: ='ACT 11'!AE8 -> 41.714932 | T9: =S9-R9 -> 8.778175 | U9: =(T9/$L$3)*33000 -> 175.64311 | AC9: ='ACT 10'!P7 -> 75.643031 | AD9: ='ACT 10'!Q7 -> 38.544306 | AE9: ='ACT 11'!AE51 -> 24.60113 | AF9: =AE9-AD9 -> -13.943176 | AG9: =(AF9/$L$3)*33000 -> -278.98997 | AI9: ='ACT 10'!R7 -> 82.204679 | AJ9: ='ACT 10'!S7 -> 41.887828 | AK9: ='ACT 11'!AE72 -> 22.087597 | AL9: =AK9-AJ9 -> -19.800232 | AM9: =(AL9/$L$3)*33000 -> -396.18421
K10: 70 | L10: 31.42532 | M10: 57.963885 | N10: =M10-L10 -> 26.538565 | O10: =(N10/$L$3)*33000 -> 531.01197 | Q10: ='ACT 10'!L8 -> 75.411282 | R10: ='ACT 10'!M8 -> 33.854623 | S10: ='ACT 11'!AE9 -> 47.776582 | T10: =S10-R10 -> 13.921959 | U10: =(T10/$L$3)*33000 -> 278.56543 | W10: ='ACT 10'!N8 -> 81.460333 | X10: ='ACT 10'!O8 -> 36.570243 | Y10: ='ACT 11'!AE31 -> 39.253989 | Z10: =Y10-X10 -> 2.6837455 | AA10: =(Z10/$L$3)*33000 -> 53.699249 | AC10: ='ACT 10'!P8 -> 88.250202 | AD10: ='ACT 10'!Q8 -> 39.61844 | AE10: ='ACT 11'!AE52 -> 28.685828 | AF10: =AE10-AD10 -> -10.932612 | AG10: =(AF10/$L$3)*33000 -> -218.75139 | AI10: ='ACT 10'!R8 -> 95.905459 | AJ10: ='ACT 10'!S8 -> 43.055139 | AK10: ='ACT 11'!AE73 -> 25.631555 | AL10: =AK10-AJ10 -> -17.423583 | AM10: =(AL10/$L$3)*33000 -> -348.62968
K11: 80 | L11: 34.5029 | M11: 65.642616 | N11: =M11-L11 -> 31.139716 | O11: =(N11/$L$3)*33000 -> 623.07673 | Q11: ='ACT 10'!L9 -> 86.184322 | R11: ='ACT 10'!M9 -> 37.170113 | S11: ='ACT 11'!AE10 -> 54.092555 | T11: =S11-R11 -> 16.922443 | U11: =(T11/$L$3)*33000 -> 338.60232 | W11: ='ACT 10'!N9 -> 93.097523 | X11: ='ACT 10'!O9 -> 40.151681 | Y11: ='ACT 11'!AE32 -> 43.726205 | Z11: =Y11-X11 -> 3.5745233 | AA11: =(Z11/$L$3)*33000 -> 71.522882 | AC11: ='ACT 10'!P9 -> 100.85737 | AD11: ='ACT 10'!Q9 -> 43.498398 | AE11: ='ACT 11'!AE53 -> 31.820586 | AF11: =AE11-AD11 -> -11.677813 | AG11: =(AF11/$L$3)*33000 -> -233.66216 | AI11: ='ACT 10'!R9 -> 109.60624 | AJ11: ='ACT 10'!S9 -> 47.271663 | AK11: ='ACT 11'!AE74 -> 28.535181 | AL11: =AK11-AJ11 -> -18.736483 | AM11: =(AL11/$L$3)*33000 -> -374.89957
K12: 90 | L12: 39.725507 | M12: 72.523259 | N12: =M12-L12 -> 32.797752 | O12: =(N12/$L$3)*33000 -> 656.25249 | Q12: ='ACT 10'!L10 -> 96.957362 | R12: ='ACT 10'!M10 -> 42.796448 | S12: ='ACT 11'!AE11 -> 59.473087 | T12: =S12-R12 -> 16.676639 | U12: =(T12/$L$3)*33000 -> 333.68402 | W12: ='ACT 10'!N10 -> 104.73471 | X12: ='ACT 10'!O10 -> 46.229329 | Y12: ='ACT 11'!AE33 -> 48.492459 | Z12: =Y12-X12 -> 2.2631298 | AA12: =(Z12/$L$3)*33000 -> 45.283121 | AC12: ='ACT 10'!P10 -> 113.46455 | AD12: ='ACT 10'!Q10 -> 50.082629 | AE12: ='ACT 11'!AE54 -> 35.103083 | AF12: =AE12-AD12 -> -14.979546 | AG12: =(AF12/$L$3)*33000 -> -299.72677 | AI12: ='ACT 10'!R10 -> 123.30702 | AJ12: ='ACT 10'!S10 -> 54.427042 | AK12: ='ACT 11'!AE75 -> 31.136251 | AL12: =AK12-AJ12 -> -23.290791 | AM12: =(AL12/$L$3)*33000 -> -466.02705
K13: 100 | L13: 47.124169 | M13: 79.958794 | N13: =M13-L13 -> 32.834626 | O13: =(N13/$L$3)*33000 -> 656.99029 | Q13: ='ACT 10'!L11 -> 107.7304 | R13: ='ACT 10'!M11 -> 50.767057 | S13: ='ACT 11'!AE12 -> 64.67215 | T13: =S13-R13 -> 13.905093 | U13: =(T13/$L$3)*33000 -> 278.22797 | W13: 112.56 | X13: =(((W13-W12)*(X14-X12))/(W14-W12))+X12 -> 52.018994 | Y13: 52.018994 | Z13: 0 | AA13: 0 | AC13: ='ACT 10'!P11 -> 126.07172 | AD13: ='ACT 10'!Q11 -> 59.410249 | AE13: ='ACT 11'!AE55 -> 38.312662 | AF13: =AE13-AD13 -> -21.097587 | AG13: =(AF13/$L$3)*33000 -> -422.14307 | AI13: ='ACT 10'!R11 -> 137.0078 | AJ13: ='ACT 10'!S11 -> 64.563786 | AK13: ='ACT 11'!AE76 -> 33.403237 | AL13: =AK13-AJ13 -> -31.160549 | AM13: =(AL13/$L$3)*33000 -> -623.49357
K14: 110 | L14: 56.790773 | M14: 86.234242 | N14: =M14-L14 -> 29.443469 | O14: =(N14/$L$3)*33000 -> 589.1364 | Q14: ='ACT 10'!L12 -> 118.50344 | R14: ='ACT 10'!M12 -> 61.180928 | S14: ='ACT 11'!AE13 -> 70.195548 | T14: =S14-R14 -> 9.0146201 | U14: =(T14/$L$3)*33000 -> 180.37416 | W14: ='ACT 10'!N11 -> 116.3719 | X14: ='ACT 10'!O11 -> 54.839293 | Y14: ='ACT 11'!AE34 -> 52.921719 | Z14: =Y14-X14 -> -1.9175735 | AA14: =(Z14/$L$3)*33000 -> -38.368861 | AC14: ='ACT 10'!P12 -> 138.67889 | AD14: ='ACT 10'!Q12 -> 71.597103 | AE14: ='ACT 11'!AE56 -> 40.754863 | AF14: =AE14-AD14 -> -30.84224 | AG14: =(AF14/$L$3)*33000 -> -617.12451 | AI14: ='ACT 10'!R12 -> 150.70858 | AJ14: ='ACT 10'!S12 -> 77.807787 | AK14: ='ACT 11'!AE77 -> 35.585766 | AL14: =AK14-AJ14 -> -42.222021 | AM14: =(AL14/$L$3)*33000 -> -844.82333
K15: 120 | L15: 68.852708 | M15: 90.63186 | N15: =M15-L15 -> 21.779152 | O15: =(N15/$L$3)*33000 -> 435.78056 | Q15: ='ACT 10'!L13 -> 129.27648 | R15: ='ACT 10'!M13 -> 74.175299 | S15: 74.175299 | T15: 0 | U15: 0 | AC15: ='ACT 10'!P13 -> 151.28606 | AD15: ='ACT 10'!Q13 -> 86.803791 | AE15: ='ACT 11'!AE57 -> 42.753606 | AF15: =AE15-AD15 -> -44.050185 | AG15: =(AF15/$L$3)*33000 -> -881.4032 | AI15: ='ACT 10'!R13 -> 164.40936 | AJ15: ='ACT 10'!S13 -> 94.333579 | AK15: ='ACT 11'!AE78 -> 36.67568 | AL15: =AK15-AJ15 -> -57.657898 | AM15: =(AL15/$L$3)*33000 -> -1153.6809
K16: 130 | L16: 83.459211 | M16: 94.469278 | N16: =M16-L16 -> 11.010067 | O16: =(N16/$L$3)*33000 -> 220.3012 | AC16: ='ACT 10'!P14 -> 163.89323 | AD16: ='ACT 10'!Q14 -> 105.21846 | AE16: ='ACT 11'!AE58 -> 44.138861 | AF16: =AE16-AD16 -> -61.0796 | AG16: =(AF16/$L$3)*33000 -> -1222.1459 | AI16: ='ACT 10'!R14 -> 178.11014 | AJ16: ='ACT 10'!S14 -> 114.34563 | AK16: ='ACT 11'!AE79 -> 36.824284 | AL16: =AK16-AJ16 -> -77.521343 | AM16: =(AL16/$L$3)*33000 -> -1551.1299
K17: 139.64 | L17: =(((K17-K16)*(L18-L16))/(K18-K16))+L16 -> 100.15025 | M17: 100.15025 | N17: 0 | O17: =(N17/$L$3)*33000 -> 0
K18: 140 | L18: 100.77356 | M18: 97.255308 | N18: =M18-L18 -> -3.518254 | O18: =(N18/$L$3)*33000 -> -70.396987 | AC18: ='ACT 10'!P15 -> 176.5004 | AD18: ='ACT 10'!Q15 -> 127.04696 | AE18: ='ACT 11'!AE59 -> 44.667441 | AI18: ='ACT 10'!R15 -> 191.81092 | AJ18: ='ACT 10'!S15 -> 138.06764 | AK18: ='ACT 11'!AE80 -> 36.980183
K23: Sea Level | Q23: h = 5 000 ft | W23: h = 10 000 ft | AC23: h = 15 000 ft | AI23: h = 20 000 ft
K24: Vo | L24: THPREQD | M24: THPav | Q24: Vo | R24: THPREQD | S24: THPav | W24: Vo | X24: THPREQD | Y24: THPav | AC24: Vo | AD24: THPREQD | AE24: THPav | AI24: Vo | AJ24: THPREQD | AK24: THPav
K25: mph | L25: hp | M25: hp | Q25: mph | R25: hp | S25: hp | W25: mph | X25: hp | Y25: hp | AC25: mph | AD25: hp | AE25: hp | AI25: mph | AJ25: hp | AK25: hp
K26: ='ACT 10'!F7 -> 60 | L26: ='ACT 10'!J7 -> 30.573317 | M26: ='ACT 11'!V8 -> 50.825225 | Q26: ='ACT 10'!L7 -> 64.638241 | R26: ='ACT 10'!M7 -> 32.936757 | S26: ='ACT 11'!AE8 -> 41.714932 | W26: ='ACT 10'!N7 -> 69.823143 | X26: ='ACT 10'!O7 -> 35.578751 | Y26: ='ACT 11'!AE30 -> 33.750093 | AC26: ='ACT 10'!P7 -> 75.643031 | AD26: ='ACT 10'!Q7 -> 38.544306 | AE26: ='ACT 11'!AE51 -> 24.60113 | AI26: ='ACT 10'!R7 -> 82.204679 | AJ26: ='ACT 10'!S7 -> 41.887828 | AK26: ='ACT 11'!AE72 -> 22.087597
K27: ='ACT 10'!F8 -> 70 | L27: ='ACT 10'!J8 -> 31.42532 | M27: ='ACT 11'!V9 -> 57.963885 | Q27: ='ACT 10'!L8 -> 75.411282 | R27: ='ACT 10'!M8 -> 33.854623 | S27: ='ACT 11'!AE9 -> 47.776582 | W27: ='ACT 10'!N8 -> 81.460333 | X27: ='ACT 10'!O8 -> 36.570243 | Y27: ='ACT 11'!AE31 -> 39.253989 | AC27: ='ACT 10'!P8 -> 88.250202 | AD27: ='ACT 10'!Q8 -> 39.61844 | AE27: ='ACT 11'!AE52 -> 28.685828 | AI27: ='ACT 10'!R8 -> 95.905459 | AJ27: ='ACT 10'!S8 -> 43.055139 | AK27: ='ACT 11'!AE73 -> 25.631555
K28: ='ACT 10'!F9 -> 80 | L28: ='ACT 10'!J9 -> 34.5029 | M28: ='ACT 11'!V10 -> 65.642616 | Q28: ='ACT 10'!L9 -> 86.184322 | R28: ='ACT 10'!M9 -> 37.170113 | S28: ='ACT 11'!AE10 -> 54.092555 | W28: ='ACT 10'!N9 -> 93.097523 | X28: ='ACT 10'!O9 -> 40.151681 | Y28: ='ACT 11'!AE32 -> 43.726205 | AC28: ='ACT 10'!P9 -> 100.85737 | AD28: ='ACT 10'!Q9 -> 43.498398 | AE28: ='ACT 11'!AE53 -> 31.820586 | AI28: ='ACT 10'!R9 -> 109.60624 | AJ28: ='ACT 10'!S9 -> 47.271663 | AK28: ='ACT 11'!AE74 -> 28.535181
K29: ='ACT 10'!F10 -> 90 | L29: ='ACT 10'!J10 -> 39.725507 | M29: ='ACT 11'!V11 -> 72.523259 | Q29: ='ACT 10'!L10 -> 96.957362 | R29: ='ACT 10'!M10 -> 42.796448 | S29: ='ACT 11'!AE11 -> 59.473087 | W29: ='ACT 10'!N10 -> 104.73471 | X29: ='ACT 10'!O10 -> 46.229329 | Y29: ='ACT 11'!AE33 -> 48.492459 | AC29: ='ACT 10'!P10 -> 113.46455 | AD29: ='ACT 10'!Q10 -> 50.082629 | AE29: ='ACT 11'!AE54 -> 35.103083 | AI29: ='ACT 10'!R10 -> 123.30702 | AJ29: ='ACT 10'!S10 -> 54.427042 | AK29: ='ACT 11'!AE75 -> 31.136251
K30: ='ACT 10'!F11 -> 100 | L30: ='ACT 10'!J11 -> 47.124169 | M30: ='ACT 11'!V12 -> 79.958794 | Q30: ='ACT 10'!L11 -> 107.7304 | R30: ='ACT 10'!M11 -> 50.767057 | S30: ='ACT 11'!AE12 -> 64.67215 | W30: ='ACT 10'!N11 -> 116.3719 | X30: ='ACT 10'!O11 -> 54.839293 | Y30: ='ACT 11'!AE34 -> 52.921719 | AC30: ='ACT 10'!P11 -> 126.07172 | AD30: ='ACT 10'!Q11 -> 59.410249 | AE30: ='ACT 11'!AE55 -> 38.312662 | AI30: ='ACT 10'!R11 -> 137.0078 | AJ30: ='ACT 10'!S11 -> 64.563786 | AK30: ='ACT 11'!AE76 -> 33.403237
K31: ='ACT 10'!F12 -> 110 | L31: ='ACT 10'!J12 -> 56.790773 | M31: ='ACT 11'!V13 -> 86.234242 | Q31: ='ACT 10'!L12 -> 118.50344 | R31: ='ACT 10'!M12 -> 61.180928 | S31: ='ACT 11'!AE13 -> 70.195548 | W31: ='ACT 10'!N12 -> 128.00909 | X31: ='ACT 10'!O12 -> 66.088504 | Y31: ='ACT 11'!AE35 -> 56.919686 | AC31: ='ACT 10'!P12 -> 138.67889 | AD31: ='ACT 10'!Q12 -> 71.597103 | AE31: ='ACT 11'!AE56 -> 40.754863 | AI31: ='ACT 10'!R12 -> 150.70858 | AJ31: ='ACT 10'!S12 -> 77.807787 | AK31: ='ACT 11'!AE77 -> 35.585766
K32: ='ACT 10'!F13 -> 120 | L32: ='ACT 10'!J13 -> 68.852708 | M32: ='ACT 11'!V14 -> 90.63186 | Q32: ='ACT 10'!L13 -> 129.27648 | R32: ='ACT 10'!M13 -> 74.175299 | S32: ='ACT 11'!AE14 -> 74.105137 | W32: ='ACT 10'!N13 -> 139.64629 | X32: ='ACT 10'!O13 -> 80.125207 | Y32: ='ACT 11'!AE36 -> 59.549936 | AC32: ='ACT 10'!P13 -> 151.28606 | AD32: ='ACT 10'!Q13 -> 86.803791 | AE32: ='ACT 11'!AE57 -> 42.753606 | AI32: ='ACT 10'!R13 -> 164.40936 | AJ32: ='ACT 10'!S13 -> 94.333579 | AK32: ='ACT 11'!AE78 -> 36.67568
K33: ='ACT 10'!F14 -> 130 | L33: ='ACT 10'!J14 -> 83.459211 | M33: ='ACT 11'!V15 -> 94.469278 | Q33: ='ACT 10'!L14 -> 140.04952 | R33: ='ACT 10'!M14 -> 89.910943 | S33: ='ACT 11'!AE15 -> 77.363902 | W33: ='ACT 10'!N14 -> 151.28348 | X33: ='ACT 10'!O14 -> 97.123073 | Y33: ='ACT 11'!AE37 -> 61.941376 | AC33: ='ACT 10'!P14 -> 163.89323 | AD33: ='ACT 10'!Q14 -> 105.21846 | AE33: ='ACT 11'!AE58 -> 44.138861 | AI33: ='ACT 10'!R14 -> 178.11014 | AJ33: ='ACT 10'!S14 -> 114.34563 | AK33: ='ACT 11'!AE79 -> 36.824284
K34: ='ACT 10'!F15 -> 140 | L34: ='ACT 10'!J15 -> 100.77356 | M34: ='ACT 11'!V16 -> 97.255308 | Q34: ='ACT 10'!L15 -> 150.82256 | R34: ='ACT 10'!M15 -> 108.56376 | S34: ='ACT 11'!AE16 -> 79.701362 | W34: ='ACT 10'!N15 -> 162.92067 | X34: ='ACT 10'!O15 -> 117.27211 | Y34: ='ACT 11'!AE38 -> 63.75542 | AC34: ='ACT 10'!P15 -> 176.5004 | AD34: ='ACT 10'!Q15 -> 127.04696 | AE34: ='ACT 11'!AE59 -> 44.667441 | AI34: ='ACT 10'!R15 -> 191.81092 | AJ34: ='ACT 10'!S15 -> 138.06764 | AK34: ='ACT 11'!AE80 -> 36.980183
K35: ='ACT 10'!F16 -> 150 | L35: ='ACT 10'!J16 -> 120.96841 | M35: ='ACT 11'!V17 -> 99.349058 | Q35: ='ACT 10'!L16 -> 161.5956 | R35: ='ACT 10'!M16 -> 130.31975 | S35: ='ACT 11'!AE17 -> 81.513355 | W35: ='ACT 10'!N16 -> 174.55786 | X35: ='ACT 10'!O16 -> 140.77324 | Y35: ='ACT 11'!AE39 -> 64.621914 | AC35: ='ACT 10'!P16 -> 189.10758 | AD35: ='ACT 10'!Q16 -> 152.50695 | AE35: ='ACT 11'!AE60 -> 45.304133 | AI35: ='ACT 10'!R16 -> 205.5117 | AJ35: ='ACT 10'!S16 -> 165.73615 | AK35: ='ACT 11'!AE81 -> 37.076651
K36: ='ACT 10'!F17 -> 160 | L36: ='ACT 10'!J17 -> 144.22283 | M36: ='ACT 11'!V18 -> 101.35737 | Q36: ='ACT 10'!L17 -> 172.36864 | R36: ='ACT 10'!M17 -> 155.37183 | S36: ='ACT 11'!AE18 -> 82.561501 | W36: ='ACT 10'!N17 -> 186.19505 | X36: ='ACT 10'!O17 -> 167.83485 | Y36: ='ACT 11'!AE40 -> 65.687776 | AC36: ='ACT 10'!P17 -> 201.71475 | AD36: ='ACT 10'!Q17 -> 181.82419 | AE36: ='ACT 11'!AE61 -> 45.639995 | AI36: ='ACT 10'!R17 -> 219.21248 | AJ36: ='ACT 10'!S17 -> 197.59652 | AK36: ='ACT 11'!AE82 -> 36.664973
K37: ='ACT 10'!F18 -> 170 | L37: ='ACT 10'!J18 -> 170.72044 | M37: ='ACT 11'!V19 -> 103.04258 | Q37: ='ACT 10'!L18 -> 183.14168 | R37: ='ACT 10'!M18 -> 183.91782 | S37: ='ACT 11'!AE19 -> 83.754385 | W37: ='ACT 10'!N18 -> 197.83224 | X37: ='ACT 10'!O18 -> 198.67063 | Y37: ='ACT 11'!AE41 -> 66.074681 | AC37: ='ACT 10'!P18 -> 214.32192 | AD37: ='ACT 10'!Q18 -> 215.2302 | AE37: ='ACT 11'!AE62 -> 45.687971 | AI37: ='ACT 10'!R18 -> 232.91326 | AJ37: ='ACT 10'!S18 -> 233.90032 | AK37: ='ACT 11'!AE83 -> 36.353199
... K40: ='ACT 10'!F21 -> 200 | L40: ='ACT 10'!J21 -> 271.55305 | M40: ='ACT 11'!V22 -> 105.05149 | Q40: ='ACT 10'!L21 -> 215.4608 | R40: ='ACT 10'!M21 -> 292.5452 | S40: ='ACT 11'!AE22 -> 85.935023 | W40: ='ACT 10'!N21 -> 232.74381 | X40: ='ACT 10'!O21 -> 316.01146 | Y40: ='ACT 11'!AE44 -> 67.317746 | AC40: ='ACT 10'!P21 -> 252.14344 | AD40: ='ACT 10'!Q21 -> 342.3516 | AE40: ='ACT 11'!AE65 -> 45.264353 | AI40: ='ACT 10'!R21 -> 274.0156 | AJ40: ='ACT 10'!S21 -> 372.04886 | AK40: ='ACT 11'!AE86 -> 32.203618

Sheet ACT 13
A1: 1 | B1: 2 | C1: 3 | D1: 4 | E1: 5 | F1: 6 | G1: 7 | H1: 8 | I1: 9 | J1: 10 | K1: 11 | L1: 12 | M1: 13 | N1: 14 | O1: 15 | P1: 16 | Q1: 17 | R1: 18 | S1: 19 | T1: 20 | U1: 21 | V1: 22 | W1: 23 | AA1: V | AB1: THPav | AC1: THPreq | AD1: EHP | AE1: R.C. | AH1: Altitude | AI1: R.C. | AJ1: t
C2: Service Ceiling | E2: Absolute Ceiling | H2: Service Ceiling | P2: Absolute Ceiling | AA2: 69.33 | AB2: 37.48 | AC2: =D4 -> 35.326585 | AD2: 0 | AE2: 0 | AH2: SEA LEVEL | AI2: 615.23 | AJ2: 0
A3: Vo | B3: THPREQD0 | C3: V | D3: THPREQD | E3: V | F3: THPREQD | G3: N | H3: N | I3: BPB @ Reduced N | J3: BHP | K3: V/ND (J) | L3: %Design V/ND | M3: %Design | O3: THPav | P3: N | Q3: BPB @ Reduced N | R3: BHP | S3: V/ND (J) | T3: %Design V/ND | U3: %Design | W3: THPav | AA3: 80.88 | AB3: 43.54 | AC3: =D5 -> 36.311049 | AD3: =AB3-AC3 -> 7.2289509 | AE3: =(AD3/1565.5)*33000 -> 152.38287 | AH3: 1000 | AI3: =615.23-((AH3)*(615.23)/11386.4) -> 561.198 | AJ3: =(11386.4/615.23)*(LN(11386.4/(11386.4-AH3))) -> 1.7012585
A4: 60 | B4: ='ACT 10'!J7 -> 30.573317 | C4: =A4/SQRT(0.749) -> 69.328267 | D4: =B4/SQRT(0.749) -> 35.326585 | E4: =A4/SQRT(0.707) -> 71.357815 | F4: =B4/SQRT(0.707) -> 36.360752 | G4: ='ACT 11'!P8 -> 2196.06 | H4: =G4*0.976 -> 2143.3546 | I4: =(130*H4)/'ACT 11'!$C$34 -> 109.26906 | J4: =I4*0.685 -> 74.849303 | K4: =(A4*88)/(H4*6.35) -> 0.38794144 | L4: =(K4/'ACT 11'!$C$37)*100 -> 53.583072 | M4: 64.2 | N4: =M4*0.78 -> 50.076 | O4: =(J4*N4)/100 -> 37.481537 | P4: =G4*0.96 -> 2108.2176 | Q4: =(130*P4)/2800 -> 97.881531 | R4: =Q4*0.642 -> 62.839943 | S4: =(A4*88)/(P4*6.35) -> 0.39440713 | T4: =(S4/'ACT 11'!$C$37)*100 -> 54.476124 | U4: 65.42 | V4: =U4*0.78 -> 51.0276 | W4: =(R4*V4)/100 -> 32.065715 | Z4: max rc | AA4: 92.44 | AB4: 48.37 | AC4: =D6 -> 39.867104 | AD4: =AB4-AC4 -> 8.5028962 | AE4: =(AD4/1565.5)*33000 -> 179.23703 | AH4: 2000 | AI4: =615.23-((AH4)*(615.23)/11386.4) -> 507.16599 | AJ4: =(11386.4/615.23)*(LN(11386.4/(11386.4-AH4))) -> 3.5748782
A5: 70 | B5: ='ACT 10'!J8 -> 31.42532 | C5: =A5/SQRT(0.749) -> 80.882978 | D5: =B5/SQRT(0.749) -> 36.311049 | E5: =A5/SQRT(0.707) -> 83.250784 | F5: =B5/SQRT(0.707) -> 37.374036 | G5: ='ACT 11'!P9 -> 2215.695 | H5: =G5*0.976 -> 2162.5183 | I5: =(130*H5)/'ACT 11'!$C$34 -> 110.24603 | J5: =I5*0.685 -> 75.518532 | K5: =(A5*88)/(H5*6.35) -> 0.44858752 | L5: =(K5/'ACT 11'!$C$37)*100 -> 61.959603 | M5: 73.91 | N5: =M5*0.78 -> 57.6498 | O5: =(J5*N5)/100 -> 43.536283 | P5: =G5*0.96 -> 2127.0672 | Q5: =(130*P5)/2800 -> 98.756691 | R5: =Q5*0.642 -> 63.401796 | S5: =(A5*88)/(P5*6.35) -> 0.45606398 | T5: =(S5/'ACT 11'!$C$37)*100 -> 62.992263 | U5: 74.61 | V5: =U5*0.78 -> 58.1958 | W5: =(R5*V5)/100 -> 36.897182 | AA5: 103.99 | AB5: 53.21 | AC5: =D7 -> 45.901676 | AD5: =AB5-AC5 -> 7.3083244 | AE5: =(AD5/1565.5)*33000 -> 154.05602 | AH5: 3000 | AI5: =615.23-((AH5)*(615.23)/11386.4) -> 453.13399 | AJ5: =(11386.4/615.23)*(LN(11386.4/(11386.4-AH5))) -> 5.6597627
A6: 80 | B6: ='ACT 10'!J9 -> 34.5029 | C6: =A6/SQRT(0.749) -> 92.437689 | D6: =B6/SQRT(0.749) -> 39.867104 | E6: =A6/SQRT(0.707) -> 95.143753 | F6: =B6/SQRT(0.707) -> 41.034192 | G6: ='ACT 11'!P10 -> 2226.15 | H6: =G6*0.976 -> 2172.7224 | I6: =(130*H6)/'ACT 11'!$C$34 -> 110.76624 | J6: =I6*0.685 -> 75.874874 | K6: =(A6*88)/(H6*6.35) -> 0.51026372 | L6: =(K6/'ACT 11'!$C$37)*100 -> 70.478415 | M6: 81.73 | N6: =M6*0.78 -> 63.7494 | O6: =(J6*N6)/100 -> 48.369777 | P6: =G6*0.96 -> 2137.104 | Q6: =(130*P6)/2800 -> 99.222686 | R6: =Q6*0.642 -> 63.700964 | S6: =(A6*88)/(P6*6.35) -> 0.51876812 | T6: =(S6/'ACT 11'!$C$37)*100 -> 71.653055 | U6: 82.72 | V6: =U6*0.78 -> 64.5216 | W6: =(R6*V6)/100 -> 41.100881 | AA6: 115.54711 | AB6: 57.983792 | AC6: 54.450616 | AD6: =AB6-AC6 -> 3.5331767 | AE6: =(AD6/1565.5)*33000 -> 74.477695 | AH6: 4000 | AI6: =615.23-((AH6)*(615.23)/11386.4) -> 399.10199 | AJ6: =(11386.4/615.23)*(LN(11386.4/(11386.4-AH6))) -> 8.0096825
A7: 90 | B7: ='ACT 10'!J10 -> 39.725507 | C7: =A7/SQRT(0.749) -> 103.9924 | D7: =B7/SQRT(0.749) -> 45.901676 | E7: =A7/SQRT(0.707) -> 107.03672 | F7: =B7/SQRT(0.707) -> 47.245423 | G7: ='ACT 11'!P11 -> 2246.55 | H7: =G7*0.976 -> 2192.6328 | I7: =(130*H7)/'ACT 11'!$C$34 -> 111.78128 | J7: =I7*0.685 -> 76.570177 | K7: =(A7*88)/(H7*6.35) -> 0.568834 | L7: =(K7/'ACT 11'!$C$37)*100 -> 78.568233 | M7: 89.09 | N7: =M7*0.78 -> 69.4902 | O7: =(J7*N7)/100 -> 53.208769 | P7: =G7*0.96 -> 2156.688 | Q7: =(130*P7)/2800 -> 100.13194 | R7: =Q7*0.642 -> 64.284707 | S7: =(A7*88)/(P7*6.35) -> 0.57831457 | T7: =(S7/'ACT 11'!$C$37)*100 -> 79.877703 | U7: 90.43 | V7: =U7*0.78 -> 70.5354 | W7: =(R7*V7)/100 -> 45.343475 | Z7: max v | AA7: 122.79 | AB7: =(((AA7-AA6)*(AB8-AB6))/(AA8-AA6))+AB6 -> 60.475262 | AC7: 60.48 | AD7: =AB7-AC7 -> -0.0047382901 | AE7: 0 | AH7: 5000 | AI7: =615.23-((AH7)*(615.23)/11386.4) -> 345.06998 | AJ7: =(11386.4/615.23)*(LN(11386.4/(11386.4-AH7))) -> 10.701971
A8: 100 | B8: ='ACT 10'!J11 -> 47.124169 | C8: =A8/SQRT(0.749) -> 115.54711 | D8: =B8/SQRT(0.749) -> 54.450616 | E8: =A8/SQRT(0.707) -> 118.92969 | F8: =B8/SQRT(0.707) -> 56.044629 | G8: ='ACT 11'!P12 -> 2297.55 | H8: =G8*0.976 -> 2242.4088 | I8: =(130*H8)/'ACT 11'!$C$34 -> 114.31888 | J8: =I8*0.685 -> 78.308433 | K8: =(A8*88)/(H8*6.35) -> 0.61800809 | L8: =(K8/'ACT 11'!$C$37)*100 -> 85.360233 | M8: 94.93 | N8: =M8*0.78 -> 74.0454 | O8: =(J8*N8)/100 -> 57.983792 | P8: =G8*0.96 -> 2205.648 | Q8: =(130*P8)/2800 -> 102.40509 | R8: =Q8*0.642 -> 65.744065 | S8: =(A8*88)/(P8*6.35) -> 0.62830822 | T8: =(S8/'ACT 11'!$C$37)*100 -> 86.782903 | U8: 95.06 | V8: =U8*0.78 -> 74.1468 | W8: =(R8*V8)/100 -> 48.74712 | AA8: 127.10182 | AB8: =(W8*AA8)/100 -> 61.958478 | AC8: 65.620097 | AH8: 6000 | AI8: =615.23-((AH8)*(615.23)/11386.4) -> 291.03798 | AJ8: =(11386.4/615.23)*(LN(11386.4/(11386.4-AH8))) -> 13.853686
A9: 110 | B9: ='ACT 10'!J12 -> 56.790773 | C9: =A9/SQRT(0.749) -> 127.10182 | D9: =B9/SQRT(0.749) -> 65.620097 | E9: =A9/SQRT(0.707) -> 130.82266 | F9: =B9/SQRT(0.707) -> 67.541091 | G9: ='ACT 11'!P13 -> 2374.56 | H9: =G9*0.976 -> 2317.5706 | I9: =(130*H9)/'ACT 11'!$C$34 -> 118.15066 | J9: =I9*0.685 -> 80.933199 | K9: =(A9*88)/(H9*6.35) -> 0.65776183 | L9: =(K9/'ACT 11'!$C$37)*100 -> 90.851081 | M9: 97.43 | N9: =M9*0.78 -> 75.9954 | O9: =(J9*N9)/100 -> 61.505509 | P9: =G9*0.96 -> 2279.5776 | Q9: =(130*P9)/2800 -> 105.83753 | R9: =Q9*0.642 -> 67.947695 | S9: =(A9*88)/(P9*6.35) -> 0.66872453 | T9: =(S9/'ACT 11'!$C$37)*100 -> 92.365266 | U9: 97.89 | V9: =U9*0.78 -> 76.3542 | W9: =(R9*V9)/100 -> 51.880919 | AH9: 7000 | AI9: =615.23-((AH9)*(615.23)/11386.4) -> 237.00598 | AJ9: =(11386.4/615.23)*(LN(11386.4/(11386.4-AH9))) -> 17.654552
A10: 120 | B10: ='ACT 10'!J13 -> 68.852708 | C10: =A10/SQRT(0.749) -> 138.65653 | D10: =B10/SQRT(0.749) -> 79.557315 | E10: =A10/SQRT(0.707) -> 142.71563 | F10: =B10/SQRT(0.707) -> 81.886313 | G10: ='ACT 11'!P14 -> 2420.97 | H10: =G10*0.976 -> 2362.8667 | I10: =(130*H10)/'ACT 11'!$C$34 -> 120.45987 | J10: =I10*0.685 -> 82.515012 | K10: =(A10*88)/(H10*6.35) -> 0.70380276 | L10: =(K10/'ACT 11'!$C$37)*100 -> 97.210326 | M10: 99.89 | N10: =M10*0.78 -> 77.9142 | O10: =(J10*N10)/100 -> 64.290912 | P10: =G10*0.96 -> 2324.1312 | Q10: =(130*P10)/2800 -> 107.90609 | R10: =Q10*0.642 -> 69.275711 | S10: =(A10*88)/(P10*6.35) -> 0.71553281 | T10: =(S10/'ACT 11'!$C$37)*100 -> 98.830498 | U10: 99.64 | V10: =U10*0.78 -> 77.7192 | W10: =(R10*V10)/100 -> 53.840528 | AH10: 8000 | AI10: =615.23-((AH10)*(615.23)/11386.4) -> 182.97398 | AJ10: =(11386.4/615.23)*(LN(11386.4/(11386.4-AH10))) -> 22.443222
A11: 130 | B11: ='ACT 10'!J14 -> 83.459211 | C11: =A11/SQRT(0.749) -> 150.21124 | D11: =B11/SQRT(0.749) -> 96.434707 | E11: =A11/SQRT(0.707) -> 154.6086 | F11: =B11/SQRT(0.707) -> 99.257782 | G11: ='ACT 11'!P15 -> 2481.405 | H11: =G11*0.976 -> 2421.8513 | I11: =(130*H11)/'ACT 11'!$C$34 -> 123.46693 | J11: =I11*0.685 -> 84.574846 | K11: =(A11*88)/(H11*6.35) -> 0.74388333 | L11: =(K11/'ACT 11'!$C$37)*100 -> 102.74632 | M11: 99.21 | N11: =M11*0.78 -> 77.3838 | O11: =(J11*N11)/100 -> 65.447229 | P11: =G11*0.96 -> 2382.1488 | Q11: =(130*P11)/2800 -> 110.59977 | R11: =Q11*0.642 -> 71.00505 | S11: =(A11*88)/(P11*6.35) -> 0.75628139 | T11: =(S11/'ACT 11'!$C$37)*100 -> 104.45876 | U11: 99.02 | V11: =U11*0.78 -> 77.2356 | W11: =(R11*V11)/100 -> 54.841176 | AC11: Absolute Ceiling | AH11: 9000 | AI11: =615.23-((AH11)*(615.23)/11386.4) -> 128.94197 | AJ11: =(11386.4/615.23)*(LN(11386.4/(11386.4-AH11))) -> 28.920521
A12: 140 | B12: ='ACT 10'!J15 -> 100.77356 | C12: =A12/SQRT(0.749) -> 161.76596 | D12: =B12/SQRT(0.749) -> 116.44094 | E12: =A12/SQRT(0.707) -> 166.50157 | F12: =B12/SQRT(0.707) -> 119.84969 | G12: ='ACT 11'!P16 -> 2555.355 | H12: =G12*0.976 -> 2494.0265 | I12: =(130*H12)/'ACT 11'!$C$34 -> 127.14645 | J12: =I12*0.685 -> 87.095317 | K12: =(A12*88)/(H12*6.35) -> 0.77792176 | L12: =(K12/'ACT 11'!$C$37)*100 -> 107.44776 | M12: 97.7 | N12: =M12*0.78 -> 76.206 | O12: =(J12*N12)/100 -> 66.371857 | P12: =G12*0.96 -> 2453.1408 | Q12: =(130*P12)/2800 -> 113.89582 | R12: =Q12*0.642 -> 73.121118 | S12: =(A12*88)/(P12*6.35) -> 0.79088713 | T12: =(S12/'ACT 11'!$C$37)*100 -> 109.23855 | U12: 96.81 | V12: =U12*0.78 -> 75.5118 | W12: =(R12*V12)/100 -> 55.215073 | AC12: h | AD12: 10000 | AE12: ft | AH12: 9535.65 | AI12: =615.23-((AH12)*(615.23)/11386.4) -> 99.99973 | AJ12: =(11386.4/615.23)*(LN(11386.4/(11386.4-AH12))) -> 33.625048
A13: 150 | B13: ='ACT 10'!J16 -> 120.96841 | C13: =A13/SQRT(0.749) -> 173.32067 | D13: =B13/SQRT(0.749) -> 139.7755 | E13: =A13/SQRT(0.707) -> 178.39454 | F13: =B13/SQRT(0.707) -> 143.86735 | G13: ='ACT 11'!P17 -> 2648.685 | H13: =G13*0.976 -> 2585.1166 | I13: =(130*H13)/'ACT 11'!$C$34 -> 131.79026 | J13: =I13*0.685 -> 90.276325 | K13: =(A13*88)/(H13*6.35) -> 0.80411854 | L13: =(K13/'ACT 11'!$C$37)*100 -> 111.0661 | M13: 94.73 | N13: =M13*0.78 -> 73.8894 | O13: =(J13*N13)/100 -> 66.704635 | P13: =G13*0.96 -> 2542.7376 | Q13: =(130*P13)/2800 -> 118.05567 | R13: =Q13*0.642 -> 75.791743 | S13: =(A13*88)/(P13*6.35) -> 0.81752052 | T13: =(S13/'ACT 11'!$C$37)*100 -> 112.9172 | U13: 93.94 | V13: =U13*0.78 -> 73.2732 | W13: =(R13*V13)/100 -> 55.535035 | AC13: R.C.0 | AD13: ='ACT 12'!K17 -> 139.64 | AE13: mph | AH13: 10000 | AI13: =615.23-((AH13)*(615.23)/11386.4) -> 74.909969 | AJ13: =(11386.4/615.23)*(LN(11386.4/(11386.4-AH13))) -> 38.971518
A14: 160 | B14: ='ACT 10'!J17 -> 144.22283 | C14: =A14/SQRT(0.749) -> 184.87538 | D14: =B14/SQRT(0.749) -> 166.64531 | E14: =A14/SQRT(0.707) -> 190.28751 | F14: =B14/SQRT(0.707) -> 171.52376 | G14: ='ACT 11'!P18 -> 2724.165 | H14: =G14*0.976 -> 2658.785 | I14: =(130*H14)/'ACT 11'!$C$34 -> 135.5459 | J14: =I14*0.685 -> 92.848944 | K14: =(A14*88)/(H14*6.35) -> 0.83396093 | L14: =(K14/'ACT 11'!$C$37)*100 -> 115.18797 | M14: 91.32 | N14: =M14*0.78 -> 71.2296 | O14: =(J14*N14)/100 -> 66.135932 | P14: =G14*0.96 -> 2615.1984 | Q14: =(130*P14)/2800 -> 121.41993 | R14: =Q14*0.642 -> 77.951592 | S14: =(A14*88)/(P14*6.35) -> 0.84786028 | T14: =(S14/'ACT 11'!$C$37)*100 -> 117.10777 | U14: 89.92 | V14: =U14*0.78 -> 70.1376 | W14: =(R14*V14)/100 -> 54.673376 | AC14: R.C.h | AD14: ='ACT 12'!W13 -> 112.56 | AE14: mph | AH14: 11000 | AI14: =615.23-((AH14)*(615.23)/11386.4) -> 20.877966 | AJ14: =(11386.4/615.23)*(LN(11386.4/(11386.4-AH14))) -> 62.616628
AH15: 11386.4 | AI15: =615.23-((AH15)*(615.23)/11386.4) -> 0 | AJ15: =IFERROR((11386.4/615.23)*(LN(11386.4/(11386.4-AH15))),"∞ (absolute ceiling)") -> ∞ (absolute ceiling)
AC16: H | AD16: =(AD12*AD13)/(AD13-AD14) -> 51565.731
AE43: 0 | AF43: 0
AE44: 1000 | AF44: 50
AE45: =AE44+1000 -> 2000 | AF45: =AF44+50 -> 100
AE46: =AE45+1000 -> 3000 | AF46: =AF45+50 -> 150
AE47: =AE46+1000 -> 4000 | AF47: =AF46+50 -> 200
AE48: =AE47+1000 -> 5000 | AF48: =AF47+50 -> 250
AE49: =AE48+1000 -> 6000 | AF49: =AF48+50 -> 300
AE50: =AE49+1000 -> 7000 | AF50: =AF49+50 -> 350
AE51: =AE50+1000 -> 8000 | AF51: =AF50+50 -> 400
AE52: =AE51+1000 -> 9000 | AF52: =AF51+50 -> 450
AE53: =AE52+1000 -> 10000 | AF53: =AF52+50 -> 500
AE54: =AE53+1000 -> 11000 | AF54: =AF53+50 -> 550
AE55: =AE54+1000 -> 12000 | AF55: =AF54+50 -> 600
AE56: =AE55+1000 -> 13000 | AF56: =AF55+50 -> 650
... AE63: =AE62+1000 -> 20000 | AF63: =AF62+50 -> 1000

Sheet ACT 14
A1: GIVEN | F1: Best Range | J1: Best Endurance
A2: Initial Gross Weight, W0 | B2: ='ACT 3'!F2 -> 1649.2521 | G2: =B11 -> 0.038333743 | K2: =ROUND(SQRT((3)*(B11)/C11),2) -> 1.35
A3: Wing Area, S | B3: ='ACT 3'!J4 -> 126.521 | G3: 1/ | H3: =C11 -> 0.06269417 | J3: CD | K3: =ROUND((4)*(B11),3) -> 0.153
A4: Weight of Fuel, | B4: ='ACT 5'!D7 -> 158.62607 | G4: =ROUND(0.5*SQRT((1/C11)/B11),2) -> 10.2 | K4: =ROUND((778)*(0.78/G6)*(((K2)^1.5)/K3)*(SQRT(B10*B3))*((1/SQRT(G7))-(1/SQRT(B2))),2) -> 7.63
A5: BHP | B5: 125 | K5: =INT(K4) -> 7 | L5: hours | M5: ← endurance display cells now formula-driven from K4 (was hardcoded 27 hrs)
A6: BHP @75% | B6: 93.75 | F6: BSFCCR | G6: =ROUND(B9/(0.65*B5),3) -> 0.571 | H6: ← corrected: denominator now BHP@65%=0.65×125=81.25 (was BHP@75%=93.75, mixing power settings) | J6: =(K4-INT(K4))*60 -> 37.8 | K6: =J6*(60/1) -> 2268
A7: Engine Speed | B7: 2550 | G7: =ROUND(B2-B4,2) -> 1490.63 | K7: =INT(J6) -> 37 | L7: minutes
A8: Fuel Consumption | B8: 71.4 | G8: =ROUND((375)*((0.78)/(G6))*(G4)*(LN(B2/G7)),2) -> 528.37 | J8: =(J6-INT(J6)) -> 0.8 | K8: =J8*(60/1) -> 48 | L8: seconds
A9: Fuel Consumption @65% | B9: 46.41
A10: Density At Sea Level, | B10: 0.002377 | F10: Flight Speed Best Range | J10: Flight Speed Best Endurance
A11: Polar Drag Equation: | B11: ='ACT 9'!P31 -> 0.038333743 | C11: ='ACT 9'!P32 -> 0.06269417 | G11: =ROUND(SQRT(B11/C11),3) -> 0.782 | K11: =ROUND(SQRT((B2/B3)*(2/B10)*(1/K2)),2) -> 90.14
G12: =ROUND(SQRT((B2/B3)*(2/B10)*(1/G11)),2) -> 118.43 | K12: =ROUND(K11*(15/22), 2) -> 61.46
G13: =ROUND(G12*(15/22),2) -> 80.75
G23: 2.2033898 | H23: 19066.231 | J23: 10681.317
